-- phpMyAdmin SQL Dump
-- version 4.8.5
-- https://www.phpmyadmin.net/
--
-- Host: 127.0.0.1
-- Generation Time: Feb 18, 2020 at 05:18 PM
-- Server version: 10.1.38-MariaDB
-- PHP Version: 7.1.26

SET SQL_MODE = "NO_AUTO_VALUE_ON_ZERO";
SET AUTOCOMMIT = 0;
START TRANSACTION;
SET time_zone = "+00:00";


/*!40101 SET @OLD_CHARACTER_SET_CLIENT=@@CHARACTER_SET_CLIENT */;
/*!40101 SET @OLD_CHARACTER_SET_RESULTS=@@CHARACTER_SET_RESULTS */;
/*!40101 SET @OLD_COLLATION_CONNECTION=@@COLLATION_CONNECTION */;
/*!40101 SET NAMES utf8mb4 */;

--
-- Database: `mangabv2`
--

-- --------------------------------------------------------

--
-- Table structure for table `absen`
--

CREATE TABLE `absen` (
  `ID_ABSEN` varchar(6) NOT NULL,
  `ID_MATKUL` int(11) DEFAULT NULL,
  `TOPIK` varchar(30) NOT NULL,
  `RUANGAN_ABSEN` varchar(5) DEFAULT NULL,
  `DATE_ABSEN` date DEFAULT NULL,
  `TIME_ABSEN` varchar(10) DEFAULT NULL,
  `TS_ABSEN` datetime DEFAULT NULL,
  `NOTE` varchar(255) DEFAULT NULL,
  `STATUS_ABSEN` int(1) NOT NULL DEFAULT '0'
) ENGINE=InnoDB DEFAULT CHARSET=latin1 ROW_FORMAT=COMPACT;

--
-- Dumping data for table `absen`
--

INSERT INTO `absen` (`ID_ABSEN`, `ID_MATKUL`, `TOPIK`, `RUANGAN_ABSEN`, `DATE_ABSEN`, `TIME_ABSEN`, `TS_ABSEN`, `NOTE`, `STATUS_ABSEN`) VALUES
('dpmxDw', 101, 'BDL', NULL, NULL, NULL, '2020-02-14 15:18:59', 'BDL COY', 1),
('dV9Dvc', 62, 'awaaann', NULL, NULL, NULL, '2020-02-14 15:53:02', 'awaann', 1),
('MXxNUd', 62, 'asdf', NULL, NULL, NULL, '2020-02-14 17:48:40', NULL, 0),
('OoQGhS', 67, 'algob2', NULL, NULL, NULL, '2020-02-14 15:25:43', 'algob2', 1),
('s36Y57', 62, 'awanb', NULL, NULL, NULL, '2020-02-14 15:27:48', 'awanb2', 1),
('vfDAMy', 101, 'BDL MANEH', NULL, NULL, NULL, '2020-02-14 16:01:33', 'bdl maneh', 1),
('Wpl8Gz', 70, 'algop1', NULL, NULL, NULL, '2020-02-14 15:22:13', 'algop1', 2);

-- --------------------------------------------------------

--
-- Table structure for table `ambilmk`
--

CREATE TABLE `ambilmk` (
  `ID_AMBILMK` int(11) NOT NULL,
  `NRP_MHS` int(11) NOT NULL,
  `ID_MATKUL` int(11) NOT NULL
) ENGINE=InnoDB DEFAULT CHARSET=latin1 ROW_FORMAT=COMPACT;

--
-- Dumping data for table `ambilmk`
--

INSERT INTO `ambilmk` (`ID_AMBILMK`, `NRP_MHS`, `ID_MATKUL`) VALUES
(1, 141111024, 1),
(2, 141111030, 6),
(3, 141111044, 5),
(4, 171111021, 6),
(5, 181111001, 3),
(6, 181111002, 6),
(7, 181111004, 2),
(8, 181111005, 4),
(9, 181111006, 6),
(10, 181111007, 6),
(11, 181111008, 5),
(12, 181111009, 3),
(13, 181111010, 2),
(14, 181111011, 2),
(15, 181111012, 2),
(16, 181111014, 6),
(17, 181111015, 5),
(18, 181111016, 5),
(19, 181111017, 6),
(20, 181111018, 3),
(21, 181111019, 3),
(22, 181111020, 3),
(23, 181111021, 2),
(24, 181111022, 2),
(25, 181111023, 4),
(26, 181111024, 2),
(27, 181111025, 3),
(28, 181111026, 2),
(29, 181111028, 4),
(30, 181111029, 5),
(31, 181111030, 3),
(32, 181111031, 4),
(33, 181111032, 4),
(34, 181111033, 6),
(35, 181111034, 4),
(36, 181111035, 2),
(37, 181111036, 3),
(38, 181111037, 5),
(39, 181111039, 4),
(40, 181111040, 2),
(41, 181111042, 2),
(42, 181111043, 3),
(43, 181111044, 3),
(44, 181111045, 5),
(45, 181111046, 6),
(46, 181111047, 3),
(47, 181111048, 3),
(48, 181111049, 4),
(49, 181111050, 6),
(50, 181111051, 3),
(51, 181111052, 2),
(52, 181111053, 5),
(53, 181111054, 3),
(54, 181111055, 5),
(55, 181111056, 6),
(56, 181111057, 3),
(57, 181111058, 6),
(58, 181111059, 3),
(59, 181111060, 6),
(60, 181111061, 6),
(61, 181111062, 5),
(62, 181111063, 6),
(63, 181111064, 6),
(64, 181111065, 5),
(65, 181111066, 6),
(66, 181111067, 6),
(67, 181111068, 5),
(68, 181111069, 4),
(69, 181111070, 3),
(70, 181111071, 4),
(71, 181111073, 2),
(72, 181111074, 4),
(73, 181111076, 6),
(74, 181111077, 2),
(75, 181111078, 4),
(76, 181111079, 2),
(77, 181111080, 2),
(78, 181111081, 3),
(79, 181111082, 3),
(80, 181111083, 5),
(81, 181111084, 2),
(82, 181111085, 5),
(83, 181111086, 6),
(84, 181111087, 2),
(85, 181111088, 4),
(86, 181111089, 2),
(87, 181111090, 4),
(88, 181111091, 3),
(89, 181111092, 6),
(90, 181111093, 3),
(91, 181111094, 2),
(92, 181111096, 5),
(93, 181111097, 5),
(94, 181111099, 4),
(95, 181111100, 2),
(96, 181111101, 5),
(97, 181111102, 6),
(98, 181111103, 4),
(99, 181111104, 5),
(100, 181111106, 6),
(101, 181111107, 2),
(102, 181111108, 4),
(103, 181111109, 3),
(104, 181116001, 2),
(105, 181116002, 5),
(106, 181116003, 6),
(107, 181116005, 5),
(108, 181116007, 4),
(109, 181116008, 6),
(110, 181116009, 4),
(111, 181116010, 3),
(112, 181116011, 6),
(113, 181116012, 5),
(114, 181116013, 3),
(115, 181116014, 3),
(116, 181116015, 3),
(117, 181116017, 3),
(118, 181116018, 6),
(119, 181116019, 3),
(120, 181116020, 4),
(121, 181116021, 2),
(122, 181116022, 6),
(123, 181116026, 6),
(124, 181116033, 4),
(125, 181116034, 3),
(126, 181116037, 3),
(127, 181116038, 6),
(128, 181116039, 4),
(129, 181116041, 5),
(130, 181116042, 5),
(131, 181116043, 2),
(132, 181116045, 2),
(133, 181116046, 2),
(134, 181116047, 5),
(135, 181116048, 6),
(136, 181116049, 4),
(137, 181116050, 2),
(138, 181116051, 3),
(139, 181116052, 5),
(140, 181116055, 5),
(141, 181116056, 4),
(142, 181116058, 5),
(143, 181116059, 2),
(144, 181116060, 2),
(145, 181116062, 5),
(146, 181116063, 6),
(147, 181116064, 4),
(148, 181116068, 2),
(149, 181116069, 4),
(150, 181116070, 5),
(151, 181117002, 6),
(152, 181117003, 4),
(153, 111110437, 8),
(154, 121110574, 7),
(155, 131110658, 8),
(156, 111110437, 12),
(157, 141111010, 10),
(158, 141111018, 9),
(159, 141111029, 9),
(160, 141111042, 9),
(161, 141111047, 9),
(162, 141111062, 10),
(163, 141111065, 10),
(164, 141111075, 12),
(165, 141111079, 9),
(166, 141111083, 12),
(167, 141113006, 10),
(168, 141113007, 10),
(169, 141113012, 12),
(170, 151111002, 11),
(171, 151111012, 10),
(172, 151111015, 9),
(173, 151111016, 11),
(174, 151111039, 10),
(175, 151111040, 10),
(176, 151111047, 10),
(177, 151111053, 9),
(178, 151111058, 11),
(179, 151111072, 9),
(180, 151111078, 12),
(181, 151111084, 12),
(182, 151111091, 11),
(183, 151111093, 11),
(184, 151111096, 10),
(185, 151111099, 9),
(186, 151111100, 10),
(187, 151111106, 10),
(188, 151116005, 12),
(189, 151116009, 9),
(190, 161111001, 12),
(191, 161111002, 12),
(192, 161111003, 12),
(193, 161111004, 12),
(194, 161111006, 9),
(195, 161111007, 9),
(196, 161111009, 9),
(197, 161111010, 11),
(198, 161111012, 9),
(199, 161111013, 10),
(200, 161111016, 9),
(201, 161111017, 11),
(202, 161111018, 12),
(203, 161111019, 12),
(204, 161111021, 12),
(205, 161111022, 10),
(206, 161111023, 9),
(207, 161111024, 9),
(208, 161111025, 9),
(209, 161111026, 10),
(210, 161111027, 10),
(211, 161111029, 12),
(212, 161111030, 11),
(213, 161111031, 10),
(214, 161111032, 11),
(215, 161111033, 12),
(216, 161111034, 9),
(217, 161111035, 12),
(218, 161111036, 9),
(219, 161111037, 12),
(220, 161111038, 12),
(221, 161111042, 11),
(222, 161111043, 12),
(223, 161111044, 10),
(224, 161111048, 11),
(225, 161111051, 9),
(226, 161111052, 9),
(227, 161111054, 12),
(228, 161111055, 10),
(229, 161111056, 12),
(230, 161111057, 9),
(231, 161111060, 10),
(232, 161111061, 12),
(233, 161111062, 10),
(234, 161111063, 9),
(235, 161111064, 10),
(236, 161111066, 9),
(237, 161111067, 9),
(238, 161111068, 10),
(239, 161111069, 10),
(240, 161111070, 12),
(241, 161111071, 10),
(242, 161111073, 12),
(243, 161111074, 10),
(244, 161111075, 10),
(245, 161111076, 11),
(246, 161111077, 11),
(247, 161111078, 11),
(248, 161111079, 11),
(249, 161116002, 10),
(250, 161116004, 11),
(251, 161116005, 9),
(252, 161116006, 9),
(253, 161116011, 11),
(254, 161116013, 10),
(255, 161116014, 10),
(256, 161116015, 10),
(257, 161116016, 10),
(258, 161116017, 12),
(259, 161116018, 11),
(260, 161116021, 11),
(261, 161116022, 10),
(262, 161116023, 10),
(263, 161116024, 12),
(264, 161116026, 11),
(265, 161116030, 9),
(266, 161116033, 10),
(267, 161116035, 9),
(268, 161116036, 12),
(269, 161116037, 12),
(270, 161116038, 9),
(271, 161116039, 11),
(272, 161116040, 10),
(273, 161116041, 12),
(274, 161117002, 12),
(275, 161117003, 10),
(276, 181117001, 10),
(277, 12170017, 15),
(278, 141111084, 16),
(279, 141111092, 14),
(280, 151111036, 16),
(281, 151111072, 14),
(282, 151111090, 13),
(283, 151111108, 14),
(284, 151111116, 14),
(285, 151111117, 13),
(286, 161111015, 15),
(287, 161111057, 14),
(288, 161116009, 13),
(289, 161116010, 14),
(290, 161116016, 13),
(291, 161116043, 13),
(292, 161117003, 13),
(293, 171111001, 14),
(294, 171111003, 14),
(295, 171111006, 14),
(296, 171111008, 16),
(297, 171111009, 13),
(298, 171111010, 15),
(299, 171111011, 14),
(300, 171111012, 14),
(301, 171111014, 16),
(302, 171111016, 15),
(303, 171111017, 15),
(304, 171111019, 15),
(305, 171111020, 14),
(306, 171111022, 16),
(307, 171111023, 14),
(308, 171111024, 14),
(309, 171111027, 14),
(310, 171111028, 15),
(311, 171111029, 14),
(312, 171111031, 13),
(313, 171111032, 13),
(314, 171111034, 16),
(315, 171111035, 14),
(316, 171111036, 15),
(317, 171111037, 16),
(318, 171111038, 14),
(319, 171111039, 15),
(320, 171111040, 13),
(321, 171111041, 15),
(322, 171111042, 14),
(323, 171111043, 15),
(324, 171111044, 16),
(325, 171111045, 15),
(326, 171111046, 16),
(327, 171111047, 13),
(328, 171111048, 16),
(329, 171111049, 14),
(330, 171111050, 14),
(331, 171111051, 14),
(332, 171111052, 16),
(333, 171111053, 13),
(334, 171111054, 13),
(335, 171111055, 14),
(336, 171111056, 14),
(337, 171111057, 13),
(338, 171111058, 16),
(339, 171111059, 15),
(340, 171111060, 13),
(341, 171111062, 14),
(342, 171111064, 16),
(343, 171111065, 16),
(344, 171111066, 15),
(345, 171111067, 14),
(346, 171111068, 15),
(347, 171111069, 13),
(348, 171111070, 16),
(349, 171111071, 15),
(350, 171111073, 16),
(351, 171111074, 14),
(352, 171111075, 15),
(353, 171111076, 14),
(354, 171111077, 16),
(355, 171111078, 13),
(356, 171111079, 13),
(357, 171111080, 14),
(358, 171111084, 14),
(359, 171111085, 13),
(360, 171111086, 14),
(361, 171111087, 16),
(362, 171111088, 13),
(363, 171111090, 13),
(364, 171111092, 15),
(365, 171111093, 14),
(366, 171111094, 13),
(367, 171111096, 15),
(368, 171111099, 14),
(369, 171111101, 15),
(370, 171111103, 14),
(371, 171111106, 13),
(372, 171111109, 15),
(373, 171111110, 16),
(374, 171111111, 16),
(375, 171111112, 13),
(376, 171111114, 15),
(377, 171111115, 15),
(378, 171111117, 13),
(379, 171111118, 13),
(380, 171111120, 15),
(381, 171111121, 13),
(382, 171111122, 13),
(383, 171111123, 16),
(384, 171111127, 15),
(385, 171111128, 16),
(386, 171116002, 13),
(387, 171116003, 16),
(388, 171116004, 13),
(389, 171116005, 14),
(390, 171116006, 14),
(391, 171116007, 14),
(392, 171116009, 13),
(393, 171116011, 13),
(394, 171116012, 13),
(395, 171116013, 14),
(396, 171116015, 13),
(397, 171116016, 13),
(398, 171116017, 15),
(399, 171116018, 15),
(400, 171116024, 16),
(401, 171116026, 16),
(402, 171116027, 14),
(403, 171116028, 15),
(404, 171116029, 16),
(405, 171116030, 13),
(406, 171116031, 16),
(407, 171116032, 13),
(408, 171116033, 15),
(409, 171116034, 13),
(410, 171116035, 14),
(411, 171116039, 16),
(412, 171116041, 15),
(413, 171116045, 14),
(414, 181112001, 15),
(415, 131110637, 18),
(416, 141111057, 17),
(417, 141111070, 23),
(418, 141111084, 19),
(419, 141111092, 18),
(420, 151111036, 19),
(421, 151111045, 22),
(422, 151111072, 17),
(423, 151111082, 22),
(424, 151111100, 19),
(425, 151111106, 17),
(426, 151111111, 17),
(427, 161111008, 22),
(428, 161111015, 19),
(429, 161111016, 20),
(430, 161111017, 18),
(431, 161111024, 21),
(432, 161111035, 21),
(433, 161116004, 17),
(434, 161116009, 23),
(435, 161116014, 21),
(436, 161116024, 21),
(437, 161116037, 21),
(438, 161116043, 19),
(439, 161117002, 23),
(440, 161117003, 19),
(441, 171111001, 22),
(442, 171111003, 18),
(443, 171111006, 19),
(444, 171111008, 18),
(445, 171111009, 21),
(446, 171111010, 17),
(447, 171111011, 19),
(448, 171111012, 21),
(449, 171111014, 20),
(450, 171111016, 20),
(451, 171111017, 19),
(452, 171111019, 21),
(453, 171111020, 21),
(454, 171111022, 22),
(455, 171111023, 22),
(456, 171111024, 22),
(457, 171111027, 19),
(458, 171111028, 19),
(459, 171111029, 20),
(460, 171111031, 22),
(461, 171111032, 22),
(462, 171111034, 19),
(463, 171111035, 21),
(464, 171111036, 19),
(465, 171111037, 22),
(466, 171111038, 23),
(467, 171111039, 19),
(468, 171111040, 21),
(469, 171111041, 17),
(470, 171111042, 22),
(471, 171111043, 23),
(472, 171111044, 22),
(473, 171111045, 20),
(474, 171111046, 17),
(475, 171111047, 19),
(476, 171111048, 23),
(477, 171111049, 23),
(478, 171111050, 18),
(479, 171111051, 17),
(480, 171111052, 21),
(481, 171111054, 19),
(482, 171111055, 21),
(483, 171111056, 21),
(484, 171111057, 20),
(485, 171111058, 18),
(486, 171111059, 23),
(487, 171111060, 23),
(488, 171111062, 23),
(489, 171111064, 20),
(490, 171111065, 18),
(491, 171111066, 20),
(492, 171111067, 22),
(493, 171111068, 19),
(494, 171111069, 21),
(495, 171111070, 19),
(496, 171111071, 18),
(497, 171111073, 20),
(498, 171111074, 23),
(499, 171111075, 21),
(500, 171111076, 17),
(501, 171111077, 19),
(502, 171111078, 19),
(503, 171111079, 18),
(504, 171111080, 21),
(505, 171111084, 21),
(506, 171111085, 20),
(507, 171111086, 18),
(508, 171111087, 20),
(509, 171111088, 21),
(510, 171111090, 17),
(511, 171111092, 22),
(512, 171111093, 20),
(513, 171111096, 21),
(514, 171111099, 23),
(515, 171111101, 17),
(516, 171111103, 23),
(517, 171111106, 19),
(518, 171111109, 17),
(519, 171111110, 21),
(520, 171111111, 19),
(521, 171111112, 23),
(522, 171111114, 19),
(523, 171111115, 18),
(524, 171111117, 17),
(525, 171111118, 19),
(526, 171111120, 19),
(527, 171111121, 17),
(528, 171111123, 22),
(529, 171116002, 19),
(530, 171116003, 17),
(531, 171116004, 17),
(532, 171116005, 21),
(533, 171116006, 22),
(534, 171116007, 17),
(535, 171116009, 22),
(536, 171116011, 17),
(537, 171116012, 21),
(538, 171116013, 21),
(539, 171116015, 21),
(540, 171116016, 19),
(541, 171116017, 21),
(542, 171116018, 18),
(543, 171116024, 23),
(544, 171116026, 21),
(545, 171116027, 18),
(546, 171116028, 23),
(547, 171116029, 17),
(548, 171116030, 22),
(549, 171116031, 22),
(550, 171116032, 17),
(551, 171116033, 17),
(552, 171116034, 22),
(553, 171116035, 17),
(554, 171116039, 21),
(555, 171116041, 17),
(556, 171116045, 18),
(557, 181112001, 21),
(558, 181117002, 19),
(559, 141111031, 30),
(560, 141111034, 30),
(561, 141111047, 27),
(562, 141111048, 24),
(563, 141111060, 25),
(564, 151111016, 29),
(565, 151111036, 25),
(566, 151111113, 26),
(567, 151111120, 26),
(568, 151111122, 28),
(569, 151111125, 26),
(570, 151111137, 26),
(571, 161111004, 27),
(572, 161111015, 25),
(573, 161111017, 28),
(574, 161111060, 25),
(575, 161111075, 24),
(576, 161116009, 25),
(577, 161116010, 25),
(578, 161116014, 28),
(579, 171111001, 29),
(580, 171111003, 27),
(581, 171111006, 25),
(582, 171111008, 25),
(583, 171111009, 29),
(584, 171111010, 29),
(585, 171111011, 26),
(586, 171111012, 24),
(587, 171111014, 29),
(588, 171111016, 27),
(589, 171111017, 26),
(590, 171111019, 24),
(591, 171111020, 26),
(592, 171111022, 26),
(593, 171111023, 24),
(594, 171111024, 30),
(595, 171111027, 30),
(596, 171111028, 28),
(597, 171111029, 29),
(598, 171111031, 29),
(599, 171111032, 25),
(600, 171111034, 25),
(601, 171111035, 26),
(602, 171111036, 26),
(603, 171111037, 30),
(604, 171111038, 26),
(605, 171111040, 27),
(606, 171111042, 27),
(607, 171111043, 30),
(608, 171111044, 26),
(609, 171111045, 28),
(610, 171111046, 24),
(611, 171111047, 28),
(612, 171111048, 25),
(613, 171111049, 28),
(614, 171111050, 27),
(615, 171111051, 24),
(616, 171111052, 24),
(617, 171111053, 29),
(618, 171111054, 29),
(619, 171111055, 30),
(620, 171111056, 29),
(621, 171111057, 26),
(622, 171111058, 25),
(623, 171111059, 27),
(624, 171111060, 26),
(625, 171111062, 29),
(626, 171111064, 29),
(627, 171111065, 27),
(628, 171111066, 24),
(629, 171111067, 27),
(630, 171111068, 28),
(631, 171111069, 29),
(632, 171111070, 30),
(633, 171111071, 27),
(634, 171111073, 25),
(635, 171111074, 24),
(636, 171111075, 30),
(637, 171111076, 27),
(638, 171111077, 28),
(639, 171111078, 29),
(640, 171111079, 29),
(641, 171111080, 26),
(642, 171111082, 28),
(643, 171111085, 30),
(644, 171111086, 28),
(645, 171111087, 26),
(646, 171111088, 30),
(647, 171111090, 27),
(648, 171111092, 24),
(649, 171111093, 25),
(650, 171111094, 27),
(651, 171111096, 29),
(652, 171111098, 26),
(653, 171111099, 27),
(654, 171111101, 27),
(655, 171111102, 28),
(656, 171111103, 27),
(657, 171111106, 26),
(658, 171111109, 29),
(659, 171111110, 25),
(660, 171111111, 29),
(661, 171111112, 24),
(662, 171111114, 29),
(663, 171111115, 29),
(664, 171111117, 29),
(665, 171111118, 27),
(666, 171111120, 26),
(667, 171111121, 24),
(668, 171111123, 28),
(669, 171116002, 30),
(670, 171116003, 30),
(671, 171116004, 26),
(672, 171116005, 28),
(673, 171116006, 25),
(674, 171116007, 24),
(675, 171116009, 29),
(676, 171116011, 28),
(677, 171116012, 27),
(678, 171116013, 28),
(679, 171116015, 28),
(680, 171116016, 26),
(681, 171116017, 24),
(682, 171116018, 25),
(683, 171116024, 30),
(684, 171116026, 30),
(685, 171116027, 26),
(686, 171116028, 26),
(687, 171116029, 28),
(688, 171116030, 25),
(689, 171116031, 30),
(690, 171116032, 30),
(691, 171116033, 26),
(692, 171116034, 24),
(693, 171116035, 29),
(694, 171116039, 25),
(695, 171116041, 26),
(696, 171116045, 27),
(697, 181112001, 29),
(698, 121110574, 33),
(699, 131110690, 31),
(700, 141111031, 35),
(701, 141111034, 34),
(702, 141111046, 33),
(703, 141111047, 37),
(704, 141111048, 32),
(705, 141111060, 37),
(706, 141111061, 32),
(707, 141111083, 34),
(708, 151111003, 35),
(709, 151111016, 36),
(710, 151111026, 36),
(711, 151111070, 32),
(712, 151111078, 31),
(713, 151111093, 31),
(714, 151111113, 33),
(715, 151111117, 37),
(716, 151111120, 35),
(717, 151111125, 36),
(718, 151111137, 32),
(719, 161111004, 32),
(720, 161111008, 33),
(721, 161111011, 37),
(722, 161111014, 32),
(723, 161111015, 35),
(724, 161111020, 35),
(725, 161111032, 36),
(726, 161111035, 36),
(727, 161111042, 34),
(728, 161111061, 34),
(729, 161111063, 34),
(730, 161111066, 33),
(731, 161111076, 33),
(732, 161116005, 31),
(733, 161116006, 35),
(734, 161116009, 31),
(735, 161116010, 32),
(736, 161116016, 35),
(737, 161116043, 33),
(738, 171111001, 35),
(739, 171111003, 31),
(740, 171111006, 35),
(741, 171111008, 32),
(742, 171111009, 34),
(743, 171111010, 33),
(744, 171111011, 35),
(745, 171111012, 31),
(746, 171111014, 37),
(747, 171111016, 35),
(748, 171111017, 31),
(749, 171111019, 31),
(750, 171111020, 34),
(751, 171111022, 32),
(752, 171111023, 34),
(753, 171111024, 33),
(754, 171111027, 33),
(755, 171111028, 35),
(756, 171111029, 35),
(757, 171111031, 34),
(758, 171111032, 32),
(759, 171111034, 32),
(760, 171111035, 32),
(761, 171111036, 33),
(762, 171111037, 37),
(763, 171111038, 31),
(764, 171111040, 32),
(765, 171111042, 35),
(766, 171111043, 34),
(767, 171111044, 32),
(768, 171111045, 32),
(769, 171111046, 32),
(770, 171111047, 34),
(771, 171111048, 37),
(772, 171111049, 35),
(773, 171111050, 35),
(774, 171111051, 36),
(775, 171111052, 35),
(776, 171111053, 32),
(777, 171111054, 33),
(778, 171111055, 33),
(779, 171111056, 37),
(780, 171111057, 31),
(781, 171111059, 31),
(782, 171111060, 37),
(783, 171111062, 31),
(784, 171111064, 34),
(785, 171111065, 33),
(786, 171111066, 31),
(787, 171111067, 31),
(788, 171111068, 35),
(789, 171111069, 31),
(790, 171111070, 33),
(791, 171111071, 33),
(792, 171111073, 37),
(793, 171111074, 35),
(794, 171111075, 37),
(795, 171111076, 34),
(796, 171111077, 33),
(797, 171111078, 35),
(798, 171111079, 32),
(799, 171111080, 34),
(800, 171111082, 33),
(801, 171111085, 37),
(802, 171111086, 31),
(803, 171111087, 35),
(804, 171111088, 35),
(805, 171111090, 36),
(806, 171111092, 37),
(807, 171111093, 33),
(808, 171111096, 34),
(809, 171111098, 36),
(810, 171111099, 36),
(811, 171111101, 31),
(812, 171111102, 33),
(813, 171111103, 36),
(814, 171111106, 31),
(815, 171111109, 34),
(816, 171111110, 31),
(817, 171111111, 37),
(818, 171111112, 34),
(819, 171111114, 33),
(820, 171111115, 33),
(821, 171111117, 33),
(822, 171111118, 33),
(823, 171111120, 36),
(824, 171111121, 37),
(825, 171111123, 34),
(826, 171116002, 31),
(827, 171116003, 33),
(828, 171116004, 36),
(829, 171116005, 36),
(830, 171116006, 34),
(831, 171116007, 31),
(832, 171116009, 37),
(833, 171116011, 35),
(834, 171116012, 34),
(835, 171116013, 34),
(836, 171116015, 32),
(837, 171116016, 32),
(838, 171116017, 37),
(839, 171116018, 33),
(840, 171116024, 32),
(841, 171116026, 34),
(842, 171116027, 34),
(843, 171116028, 34),
(844, 171116029, 33),
(845, 171116030, 31),
(846, 171116031, 34),
(847, 171116032, 34),
(848, 171116033, 32),
(849, 171116034, 34),
(850, 171116035, 37),
(851, 171116039, 34),
(852, 171116041, 34),
(853, 171116045, 36),
(854, 181112001, 35),
(855, 181117002, 32),
(856, 141111010, 39),
(857, 141111030, 41),
(858, 141111031, 39),
(859, 141111047, 42),
(860, 141111059, 42),
(861, 141111089, 42),
(862, 141113012, 40),
(863, 151111015, 39),
(864, 151111030, 38),
(865, 151111037, 39),
(866, 151111047, 40),
(867, 151111078, 41),
(868, 151111091, 39),
(869, 151111095, 41),
(870, 151111108, 42),
(871, 151111116, 40),
(872, 151111137, 38),
(873, 151116005, 40),
(874, 151116009, 40),
(875, 161111015, 39),
(876, 161111057, 42),
(877, 161111063, 42),
(878, 161111076, 40),
(879, 161116006, 38),
(880, 161116009, 38),
(881, 161116010, 40),
(882, 171111001, 38),
(883, 171111003, 41),
(884, 171111006, 39),
(885, 171111008, 39),
(886, 171111009, 42),
(887, 171111010, 40),
(888, 171111011, 40),
(889, 171111012, 38),
(890, 171111014, 38),
(891, 171111016, 40),
(892, 171111017, 39),
(893, 171111019, 40),
(894, 171111020, 39),
(895, 171111021, 40),
(896, 171111022, 39),
(897, 171111023, 41),
(898, 171111024, 40),
(899, 171111027, 40),
(900, 171111028, 39),
(901, 171111029, 42),
(902, 171111031, 38),
(903, 171111032, 39),
(904, 171111034, 40),
(905, 171111035, 39),
(906, 171111036, 42),
(907, 171111037, 42),
(908, 171111038, 41),
(909, 171111040, 38),
(910, 171111042, 42),
(911, 171111043, 40),
(912, 171111044, 42),
(913, 171111045, 39),
(914, 171111046, 40),
(915, 171111047, 39),
(916, 171111048, 41),
(917, 171111049, 39),
(918, 171111050, 41),
(919, 171111052, 39),
(920, 171111053, 39),
(921, 171111054, 40),
(922, 171111055, 40),
(923, 171111056, 38),
(924, 171111057, 42),
(925, 171111059, 39),
(926, 171111060, 41),
(927, 171111061, 41),
(928, 171111062, 38),
(929, 171111064, 39),
(930, 171111065, 38),
(931, 171111066, 41),
(932, 171111067, 42),
(933, 171111068, 40),
(934, 171111069, 38),
(935, 171111070, 42),
(936, 171111071, 41),
(937, 171111073, 40),
(938, 171111074, 40),
(939, 171111075, 40),
(940, 171111076, 42),
(941, 171111077, 41),
(942, 171111078, 40),
(943, 171111079, 38),
(944, 171111080, 42),
(945, 171111083, 40),
(946, 171111085, 40),
(947, 171111086, 38),
(948, 171111088, 40),
(949, 171111093, 41),
(950, 171111096, 40),
(951, 171111099, 38),
(952, 171111103, 38),
(953, 171111106, 39),
(954, 171111109, 40),
(955, 171111110, 42),
(956, 171111111, 40),
(957, 171111112, 38),
(958, 171111114, 38),
(959, 171111115, 39),
(960, 171111117, 40),
(961, 171111118, 38),
(962, 171111120, 40),
(963, 171111122, 40),
(964, 171111123, 42),
(965, 171111127, 39),
(966, 171116002, 38),
(967, 171116003, 39),
(968, 171116004, 40),
(969, 171116005, 41),
(970, 171116006, 39),
(971, 171116007, 42),
(972, 171116009, 41),
(973, 171116011, 41),
(974, 171116012, 42),
(975, 171116013, 42),
(976, 171116015, 38),
(977, 171116016, 40),
(978, 171116017, 38),
(979, 171116018, 40),
(980, 171116024, 41),
(981, 171116026, 40),
(982, 171116027, 38),
(983, 171116028, 41),
(984, 171116029, 38),
(985, 171116030, 38),
(986, 171116031, 40),
(987, 171116032, 38),
(988, 171116033, 42),
(989, 171116034, 39),
(990, 171116035, 38),
(991, 171116039, 42),
(992, 171116041, 42),
(993, 171116045, 39),
(994, 181117003, 41),
(995, 111110415, 43),
(996, 141111024, 43),
(997, 111110424, 50),
(998, 141111004, 48),
(999, 141111048, 50),
(1000, 141111071, 46),
(1001, 141111074, 49),
(1002, 141113007, 45),
(1003, 141113012, 49),
(1004, 151111002, 48),
(1005, 151111003, 50),
(1006, 151111005, 49),
(1007, 151111008, 47),
(1008, 151111014, 50),
(1009, 151111015, 47),
(1010, 151111019, 50),
(1011, 151111020, 46),
(1012, 151111030, 49),
(1013, 151111047, 48),
(1014, 151111049, 49),
(1015, 151111053, 50),
(1016, 151111055, 45),
(1017, 151111058, 47),
(1018, 151111085, 45),
(1019, 151111088, 48),
(1020, 151111091, 46),
(1021, 151111093, 49),
(1022, 151111096, 45),
(1023, 151111099, 46),
(1024, 151111124, 48),
(1025, 151111136, 47),
(1026, 151111137, 48),
(1027, 161111001, 45),
(1028, 161111002, 45),
(1029, 161111003, 50),
(1030, 161111004, 46),
(1031, 161111005, 49),
(1032, 161111006, 47),
(1033, 161111007, 45),
(1034, 161111008, 48),
(1035, 161111009, 50),
(1036, 161111010, 47),
(1037, 161111011, 47),
(1038, 161111012, 46),
(1039, 161111013, 49),
(1040, 161111014, 49),
(1041, 161111016, 47),
(1042, 161111017, 50),
(1043, 161111018, 46),
(1044, 161111019, 50),
(1045, 161111021, 47),
(1046, 161111024, 46),
(1047, 161111025, 46),
(1048, 161111026, 49),
(1049, 161111027, 45),
(1050, 161111028, 46),
(1051, 161111029, 47),
(1052, 161111030, 47),
(1053, 161111031, 45),
(1054, 161111033, 47),
(1055, 161111034, 49),
(1056, 161111035, 48),
(1057, 161111036, 47),
(1058, 161111037, 46),
(1059, 161111038, 46),
(1060, 161111040, 48),
(1061, 161111042, 50),
(1062, 161111043, 45),
(1063, 161111044, 48),
(1064, 161111048, 50),
(1065, 161111051, 46),
(1066, 161111052, 45),
(1067, 161111053, 45),
(1068, 161111054, 47),
(1069, 161111055, 46),
(1070, 161111056, 50),
(1071, 161111061, 50),
(1072, 161111062, 49),
(1073, 161111063, 49),
(1074, 161111064, 47),
(1075, 161111066, 50),
(1076, 161111067, 50),
(1077, 161111068, 49),
(1078, 161111069, 49),
(1079, 161111070, 47),
(1080, 161111071, 49),
(1081, 161111073, 48),
(1082, 161111074, 48),
(1083, 161111075, 49),
(1084, 161111076, 49),
(1085, 161111077, 45),
(1086, 161111078, 46),
(1087, 161111079, 45),
(1088, 161116002, 50),
(1089, 161116004, 46),
(1090, 161116005, 45),
(1091, 161116011, 48),
(1092, 161116013, 45),
(1093, 161116014, 50),
(1094, 161116015, 46),
(1095, 161116016, 50),
(1096, 161116017, 50),
(1097, 161116022, 48),
(1098, 161116024, 45),
(1099, 161116030, 48),
(1100, 161116035, 48),
(1101, 161116037, 50),
(1102, 161116039, 45),
(1103, 161116041, 47),
(1104, 161116043, 48),
(1105, 161117002, 46),
(1106, 181117001, 46),
(1107, 121110574, 53),
(1108, 131110649, 51),
(1109, 131110690, 53),
(1110, 141111044, 53),
(1111, 141111076, 52),
(1112, 141111092, 53),
(1113, 141113006, 52),
(1114, 141113007, 52),
(1115, 141113012, 53),
(1116, 151111012, 52),
(1117, 151111017, 53),
(1118, 151111019, 51),
(1119, 151111024, 52),
(1120, 151111035, 53),
(1121, 151111047, 52),
(1122, 151111053, 51),
(1123, 151111071, 52),
(1124, 151111075, 53),
(1125, 151111082, 51),
(1126, 151111084, 51),
(1127, 151111090, 51),
(1128, 151111095, 52),
(1129, 151111100, 53),
(1130, 151111106, 53),
(1131, 151111125, 52),
(1132, 151111136, 52),
(1133, 161111001, 52),
(1134, 161111002, 52),
(1135, 161111003, 53),
(1136, 161111005, 52),
(1137, 161111006, 51),
(1138, 161111007, 51),
(1139, 161111008, 53),
(1140, 161111009, 53),
(1141, 161111010, 51),
(1142, 161111012, 53),
(1143, 161111013, 51),
(1144, 161111014, 52),
(1145, 161111016, 51),
(1146, 161111018, 52),
(1147, 161111019, 52),
(1148, 161111020, 52),
(1149, 161111021, 52),
(1150, 161111022, 51),
(1151, 161111023, 51),
(1152, 161111024, 51),
(1153, 161111025, 53),
(1154, 161111026, 53),
(1155, 161111027, 52),
(1156, 161111028, 53),
(1157, 161111029, 52),
(1158, 161111030, 52),
(1159, 161111031, 52),
(1160, 161111032, 51),
(1161, 161111033, 51),
(1162, 161111034, 51),
(1163, 161111035, 53),
(1164, 161111036, 53),
(1165, 161111037, 51),
(1166, 161111038, 52),
(1167, 161111040, 51),
(1168, 161111042, 51),
(1169, 161111043, 51),
(1170, 161111044, 51),
(1171, 161111048, 52),
(1172, 161111051, 52),
(1173, 161111052, 53),
(1174, 161111053, 52),
(1175, 161111054, 53),
(1176, 161111055, 53),
(1177, 161111056, 53),
(1178, 161111061, 52),
(1179, 161111062, 53),
(1180, 161111063, 53),
(1181, 161111064, 51),
(1182, 161111066, 52),
(1183, 161111067, 51),
(1184, 161111068, 52),
(1185, 161111069, 51),
(1186, 161111070, 51),
(1187, 161111071, 53),
(1188, 161111073, 53),
(1189, 161111074, 51),
(1190, 161111076, 51),
(1191, 161111077, 53),
(1192, 161111078, 53),
(1193, 161116002, 51),
(1194, 161116004, 52),
(1195, 161116010, 53),
(1196, 161116011, 53),
(1197, 161116013, 53),
(1198, 161116014, 52),
(1199, 161116015, 53),
(1200, 161116016, 52),
(1201, 161116017, 51),
(1202, 161116018, 52),
(1203, 161116021, 51),
(1204, 161116022, 51),
(1205, 161116023, 51),
(1206, 161116024, 52),
(1207, 161116026, 51),
(1208, 161116030, 53),
(1209, 161116033, 53),
(1210, 161116035, 52),
(1211, 161116036, 53),
(1212, 161116037, 53),
(1213, 161116038, 53),
(1214, 161116039, 52),
(1215, 161116040, 52),
(1216, 161116041, 52),
(1217, 161116043, 53),
(1218, 161117005, 51),
(1219, 181117001, 51),
(1220, 131110679, 56),
(1221, 141111034, 57),
(1222, 141111046, 58),
(1223, 141111060, 57),
(1224, 141111062, 54),
(1225, 141111066, 58),
(1226, 141111075, 54),
(1227, 141111079, 54),
(1228, 141111083, 54),
(1229, 151111002, 58),
(1230, 151111003, 58),
(1231, 151111033, 58),
(1232, 151111040, 57),
(1233, 151111047, 55),
(1234, 151111055, 58),
(1235, 151111058, 54),
(1236, 151111071, 57),
(1237, 151111091, 57),
(1238, 151111093, 54),
(1239, 151111094, 57),
(1240, 151111100, 54),
(1241, 151111114, 55),
(1242, 151111122, 56),
(1243, 151111136, 54),
(1244, 151111137, 54),
(1245, 151116005, 54),
(1246, 161111001, 54),
(1247, 161111002, 58),
(1248, 161111003, 55),
(1249, 161111004, 56),
(1250, 161111005, 56),
(1251, 161111006, 57),
(1252, 161111007, 56),
(1253, 161111008, 56),
(1254, 161111009, 56),
(1255, 161111010, 58),
(1256, 161111011, 54),
(1257, 161111012, 57),
(1258, 161111013, 57),
(1259, 161111016, 55),
(1260, 161111018, 58),
(1261, 161111019, 56),
(1262, 161111020, 55),
(1263, 161111021, 58),
(1264, 161111024, 58),
(1265, 161111025, 58),
(1266, 161111026, 56),
(1267, 161111027, 55),
(1268, 161111028, 57),
(1269, 161111029, 58),
(1270, 161111030, 57),
(1271, 161111031, 57),
(1272, 161111032, 54),
(1273, 161111033, 55),
(1274, 161111034, 58),
(1275, 161111035, 54),
(1276, 161111036, 58),
(1277, 161111037, 54),
(1278, 161111038, 55),
(1279, 161111040, 57),
(1280, 161111042, 57),
(1281, 161111043, 56),
(1282, 161111044, 57),
(1283, 161111048, 58),
(1284, 161111051, 54),
(1285, 161111052, 54),
(1286, 161111054, 55),
(1287, 161111055, 56),
(1288, 161111056, 56),
(1289, 161111061, 54),
(1290, 161111062, 57),
(1291, 161111063, 57),
(1292, 161111064, 54),
(1293, 161111066, 56),
(1294, 161111067, 58),
(1295, 161111068, 54),
(1296, 161111069, 57),
(1297, 161111070, 57),
(1298, 161111071, 55),
(1299, 161111073, 58),
(1300, 161111074, 57),
(1301, 161111076, 57),
(1302, 161111077, 54),
(1303, 161111079, 54),
(1304, 161116002, 57),
(1305, 161116004, 54),
(1306, 161116005, 58),
(1307, 161116006, 55),
(1308, 161116011, 54),
(1309, 161116013, 58),
(1310, 161116014, 57),
(1311, 161116015, 57),
(1312, 161116016, 56),
(1313, 161116017, 57),
(1314, 161116018, 58),
(1315, 161116021, 55),
(1316, 161116022, 56),
(1317, 161116023, 56),
(1318, 161116024, 57),
(1319, 161116026, 55),
(1320, 161116030, 54),
(1321, 161116033, 55),
(1322, 161116035, 54),
(1323, 161116036, 54),
(1324, 161116037, 55),
(1325, 161116038, 54),
(1326, 161116039, 57),
(1327, 161116040, 57),
(1328, 161116041, 58),
(1329, 161116043, 56),
(1330, 111110415, 60),
(1331, 131110637, 59),
(1332, 151111012, 59),
(1333, 151111024, 59),
(1334, 151111033, 60),
(1335, 151111066, 59),
(1336, 151111094, 59),
(1337, 151111111, 60),
(1338, 151111112, 59),
(1339, 151111117, 59),
(1340, 151111120, 59),
(1341, 151111122, 59),
(1342, 161111009, 59),
(1343, 161111037, 60),
(1344, 161111055, 59),
(1345, 161111063, 60),
(1346, 161111073, 60),
(1347, 161111074, 60),
(1348, 121110558, 61),
(1349, 121110592, 61),
(1350, 131110649, 62),
(1351, 141111006, 62),
(1352, 141111017, 61),
(1353, 141111038, 61),
(1354, 141111063, 61),
(1355, 141111066, 62),
(1356, 141111071, 62),
(1357, 141111083, 62),
(1358, 151111001, 61),
(1359, 151111002, 61),
(1360, 151111003, 62),
(1361, 151111004, 62),
(1362, 151111007, 62),
(1363, 151111009, 61),
(1364, 151111011, 61),
(1365, 151111014, 62),
(1366, 151111015, 62),
(1367, 151111017, 61),
(1368, 151111019, 61),
(1369, 151111021, 62),
(1370, 151111023, 62),
(1371, 151111025, 62),
(1372, 151111026, 61),
(1373, 151111027, 62),
(1374, 151111031, 61),
(1375, 151111033, 61),
(1376, 151111039, 62),
(1377, 151111040, 61),
(1378, 151111041, 62),
(1379, 151111043, 62),
(1380, 151111045, 62),
(1381, 151111046, 61),
(1382, 151111048, 62),
(1383, 151111050, 61),
(1384, 151111053, 61),
(1385, 151111054, 62),
(1386, 151111055, 62),
(1387, 151111057, 61),
(1388, 151111061, 61),
(1389, 151111063, 61),
(1390, 151111064, 61),
(1391, 151111078, 61),
(1392, 151111079, 62),
(1393, 151111081, 61),
(1394, 151111082, 61),
(1395, 151111084, 61),
(1396, 151111085, 61),
(1397, 151111088, 62),
(1398, 151111089, 61),
(1399, 151111094, 62),
(1400, 151111096, 62),
(1401, 151111097, 61),
(1402, 151111099, 61),
(1403, 151111100, 62),
(1404, 151111106, 62),
(1405, 151111107, 61),
(1406, 151111111, 62),
(1407, 151111112, 61),
(1408, 151111113, 61),
(1409, 151111114, 62),
(1410, 151111121, 61),
(1411, 151111122, 62),
(1412, 151111124, 61),
(1413, 151111126, 61),
(1414, 151111137, 61),
(1415, 161111002, 61),
(1416, 161111020, 62),
(1417, 161111030, 61),
(1418, 161111034, 62),
(1419, 161111043, 61),
(1420, 161111044, 61),
(1421, 161111067, 61),
(1422, 161111069, 61),
(1423, 161111074, 61),
(1424, 161111078, 62),
(1425, 141111018, 63),
(1426, 151111001, 63),
(1427, 151111015, 63),
(1428, 151111016, 63),
(1429, 151111018, 63),
(1430, 151111021, 63),
(1431, 151111023, 63),
(1432, 151111025, 63),
(1433, 151111031, 63),
(1434, 151111040, 63),
(1435, 151111048, 63),
(1436, 151111049, 63),
(1437, 151111050, 63),
(1438, 151111057, 63),
(1439, 151111058, 63),
(1440, 151111061, 63),
(1441, 151111079, 63),
(1442, 151111087, 63),
(1443, 151111089, 63),
(1444, 151111096, 63),
(1445, 151111121, 63),
(1446, 161111007, 63),
(1447, 161111025, 63),
(1448, 161111051, 63),
(1449, 161111052, 63),
(1450, 161111064, 63),
(1451, 141111018, 68),
(1452, 141111090, 66),
(1453, 161116016, 67),
(1454, 171111039, 65),
(1455, 171111041, 64),
(1456, 171111098, 64),
(1457, 171111128, 67),
(1458, 181111001, 69),
(1459, 181111002, 66),
(1460, 181111004, 71),
(1461, 181111005, 64),
(1462, 181111006, 69),
(1463, 181111007, 70),
(1464, 181111008, 67),
(1465, 181111009, 67),
(1466, 181111010, 64),
(1467, 181111011, 65),
(1468, 181111012, 71),
(1469, 181111014, 69),
(1470, 181111015, 71),
(1471, 181111016, 71),
(1472, 181111017, 66),
(1473, 181111018, 70),
(1474, 181111019, 70),
(1475, 181111020, 67),
(1476, 181111021, 66),
(1477, 181111022, 71),
(1478, 181111023, 68),
(1479, 181111024, 70),
(1480, 181111025, 69),
(1481, 181111026, 65),
(1482, 181111028, 65),
(1483, 181111029, 64),
(1484, 181111030, 66),
(1485, 181111031, 67),
(1486, 181111032, 69),
(1487, 181111033, 65),
(1488, 181111034, 66),
(1489, 181111035, 69),
(1490, 181111036, 66),
(1491, 181111037, 65),
(1492, 181111039, 70),
(1493, 181111040, 67),
(1494, 181111042, 65),
(1495, 181111043, 71),
(1496, 181111044, 69),
(1497, 181111045, 71),
(1498, 181111046, 65),
(1499, 181111047, 64),
(1500, 181111048, 65),
(1501, 181111049, 70),
(1502, 181111050, 64),
(1503, 181111051, 70),
(1504, 181111052, 66),
(1505, 181111053, 66),
(1506, 181111054, 71),
(1507, 181111055, 66),
(1508, 181111056, 68),
(1509, 181111057, 71),
(1510, 181111058, 70),
(1511, 181111059, 66),
(1512, 181111060, 69),
(1513, 181111061, 70),
(1514, 181111062, 68),
(1515, 181111063, 65),
(1516, 181111064, 66),
(1517, 181111065, 66),
(1518, 181111066, 70),
(1519, 181111067, 68),
(1520, 181111068, 70),
(1521, 181111069, 64),
(1522, 181111070, 65),
(1523, 181111071, 71),
(1524, 181111073, 68),
(1525, 181111074, 65),
(1526, 181111076, 70),
(1527, 181111077, 68),
(1528, 181111078, 65),
(1529, 181111079, 71),
(1530, 181111080, 64),
(1531, 181111081, 64),
(1532, 181111082, 71),
(1533, 181111083, 69),
(1534, 181111084, 71),
(1535, 181111085, 67),
(1536, 181111086, 65),
(1537, 181111087, 65),
(1538, 181111088, 64),
(1539, 181111089, 68),
(1540, 181111090, 66),
(1541, 181111091, 67),
(1542, 181111092, 66),
(1543, 181111093, 64),
(1544, 181111094, 71),
(1545, 181111096, 71),
(1546, 181111097, 65),
(1547, 181111099, 64),
(1548, 181111100, 68),
(1549, 181111101, 66),
(1550, 181111102, 69),
(1551, 181111103, 66),
(1552, 181111104, 68),
(1553, 181111106, 70),
(1554, 181111107, 68),
(1555, 181111108, 69),
(1556, 181111109, 64),
(1557, 181116001, 65),
(1558, 181116002, 65),
(1559, 181116003, 67),
(1560, 181116005, 69),
(1561, 181116007, 64),
(1562, 181116008, 68),
(1563, 181116009, 65),
(1564, 181116010, 68),
(1565, 181116011, 65),
(1566, 181116012, 71),
(1567, 181116013, 71),
(1568, 181116014, 70),
(1569, 181116015, 68),
(1570, 181116017, 71),
(1571, 181116018, 65),
(1572, 181116019, 67),
(1573, 181116020, 68),
(1574, 181116021, 64),
(1575, 181116022, 68),
(1576, 181116026, 69),
(1577, 181116033, 69),
(1578, 181116034, 66),
(1579, 181116037, 66),
(1580, 181116038, 64),
(1581, 181116039, 65),
(1582, 181116041, 67),
(1583, 181116042, 71),
(1584, 181116043, 65),
(1585, 181116045, 70),
(1586, 181116046, 71),
(1587, 181116047, 67),
(1588, 181116048, 69),
(1589, 181116049, 65),
(1590, 181116050, 65),
(1591, 181116051, 71),
(1592, 181116052, 66),
(1593, 181116055, 64),
(1594, 181116056, 69),
(1595, 181116058, 70),
(1596, 181116059, 67),
(1597, 181116060, 68),
(1598, 181116062, 71),
(1599, 181116063, 66),
(1600, 181116064, 64),
(1601, 181116068, 66),
(1602, 181116069, 64),
(1603, 181116070, 67),
(1604, 181117003, 69),
(1605, 141111060, 73),
(1606, 151111071, 72),
(1607, 151111072, 73),
(1608, 161111002, 72),
(1609, 161111011, 72),
(1610, 161111014, 74),
(1611, 161111019, 72),
(1612, 161111028, 74),
(1613, 171111058, 75),
(1614, 171111082, 74),
(1615, 171111083, 72),
(1616, 171111084, 74),
(1617, 171111092, 75),
(1618, 181111001, 74),
(1619, 181111002, 75),
(1620, 181111004, 74),
(1621, 181111005, 74),
(1622, 181111006, 74),
(1623, 181111007, 72),
(1624, 181111008, 75),
(1625, 181111009, 74),
(1626, 181111010, 76),
(1627, 181111011, 72),
(1628, 181111012, 74),
(1629, 181111014, 72),
(1630, 181111015, 76),
(1631, 181111016, 75),
(1632, 181111017, 74),
(1633, 181111018, 74),
(1634, 181111019, 72),
(1635, 181111020, 74),
(1636, 181111021, 72),
(1637, 181111022, 72),
(1638, 181111023, 74),
(1639, 181111024, 72),
(1640, 181111025, 76),
(1641, 181111026, 76),
(1642, 181111028, 72),
(1643, 181111029, 75),
(1644, 181111030, 73),
(1645, 181111031, 74),
(1646, 181111032, 74),
(1647, 181111033, 74),
(1648, 181111034, 73),
(1649, 181111035, 75),
(1650, 181111036, 74),
(1651, 181111037, 75),
(1652, 181111039, 75),
(1653, 181111040, 72),
(1654, 181111042, 72),
(1655, 181111043, 73),
(1656, 181111044, 75),
(1657, 181111045, 74),
(1658, 181111046, 76),
(1659, 181111047, 75),
(1660, 181111048, 74),
(1661, 181111049, 76),
(1662, 181111050, 73),
(1663, 181111051, 72),
(1664, 181111052, 74),
(1665, 181111053, 73),
(1666, 181111054, 75),
(1667, 181111055, 73),
(1668, 181111056, 75),
(1669, 181111057, 73),
(1670, 181111058, 74),
(1671, 181111059, 75),
(1672, 181111060, 74),
(1673, 181111061, 73),
(1674, 181111062, 73),
(1675, 181111063, 76),
(1676, 181111064, 75),
(1677, 181111065, 76),
(1678, 181111066, 76),
(1679, 181111067, 75),
(1680, 181111068, 74),
(1681, 181111069, 75),
(1682, 181111070, 73),
(1683, 181111071, 75),
(1684, 181111073, 76),
(1685, 181111074, 74),
(1686, 181111076, 73),
(1687, 181111077, 72),
(1688, 181111078, 75),
(1689, 181111079, 75),
(1690, 181111080, 72),
(1691, 181111081, 72),
(1692, 181111082, 74),
(1693, 181111083, 74),
(1694, 181111084, 72),
(1695, 181111085, 72),
(1696, 181111086, 72),
(1697, 181111087, 73),
(1698, 181111088, 72),
(1699, 181111089, 76),
(1700, 181111090, 73),
(1701, 181111091, 76),
(1702, 181111092, 74),
(1703, 181111093, 73),
(1704, 181111094, 73),
(1705, 181111096, 74),
(1706, 181111097, 75),
(1707, 181111099, 75),
(1708, 181111100, 73),
(1709, 181111101, 76),
(1710, 181111102, 75),
(1711, 181111103, 74),
(1712, 181111104, 72),
(1713, 181111106, 76),
(1714, 181111107, 72),
(1715, 181111108, 76),
(1716, 181111109, 76),
(1717, 181112001, 74),
(1718, 181116001, 74),
(1719, 181116002, 73),
(1720, 181116003, 73),
(1721, 181116005, 73),
(1722, 181116007, 75),
(1723, 181116008, 75),
(1724, 181116009, 72),
(1725, 181116010, 76),
(1726, 181116011, 73),
(1727, 181116012, 74),
(1728, 181116013, 72),
(1729, 181116014, 72),
(1730, 181116015, 73),
(1731, 181116017, 72),
(1732, 181116018, 73),
(1733, 181116019, 75),
(1734, 181116020, 75),
(1735, 181116021, 72),
(1736, 181116022, 75),
(1737, 181116026, 75),
(1738, 181116033, 73),
(1739, 181116034, 72),
(1740, 181116037, 74),
(1741, 181116038, 75),
(1742, 181116039, 72),
(1743, 181116041, 74),
(1744, 181116042, 76),
(1745, 181116043, 73),
(1746, 181116045, 76),
(1747, 181116046, 74),
(1748, 181116047, 72),
(1749, 181116048, 73),
(1750, 181116049, 73),
(1751, 181116050, 73),
(1752, 181116051, 72),
(1753, 181116052, 73),
(1754, 181116055, 76),
(1755, 181116056, 73),
(1756, 181116058, 76),
(1757, 181116059, 75),
(1758, 181116060, 72),
(1759, 181116062, 72),
(1760, 181116063, 73),
(1761, 181116064, 72),
(1762, 181116068, 73),
(1763, 181116069, 76),
(1764, 181116070, 72),
(1765, 181117002, 74),
(1766, 181117003, 75),
(1767, 111110413, 81),
(1768, 121110608, 80),
(1769, 141111010, 82),
(1770, 141111030, 77),
(1771, 141111066, 82),
(1772, 141111079, 80),
(1773, 141111089, 79),
(1774, 151111016, 77),
(1775, 151111072, 77),
(1776, 161117003, 79),
(1777, 171111021, 78),
(1778, 171111061, 78),
(1779, 171111082, 77),
(1780, 171111090, 80),
(1781, 171111098, 81),
(1782, 171111102, 78),
(1783, 171111106, 80),
(1784, 171111128, 82),
(1785, 181111001, 80),
(1786, 181111002, 81),
(1787, 181111004, 81),
(1788, 181111005, 82),
(1789, 181111006, 79),
(1790, 181111007, 78),
(1791, 181111008, 81),
(1792, 181111009, 80),
(1793, 181111010, 80),
(1794, 181111011, 77),
(1795, 181111012, 77),
(1796, 181111014, 82),
(1797, 181111015, 79),
(1798, 181111016, 80),
(1799, 181111017, 78),
(1800, 181111018, 79),
(1801, 181111019, 78),
(1802, 181111020, 80),
(1803, 181111021, 81),
(1804, 181111022, 82),
(1805, 181111023, 77),
(1806, 181111024, 79),
(1807, 181111025, 80),
(1808, 181111026, 81),
(1809, 181111028, 82),
(1810, 181111029, 80),
(1811, 181111030, 81),
(1812, 181111031, 77),
(1813, 181111032, 80),
(1814, 181111033, 81),
(1815, 181111034, 82),
(1816, 181111035, 80),
(1817, 181111036, 78),
(1818, 181111037, 81),
(1819, 181111039, 77),
(1820, 181111040, 81),
(1821, 181111042, 82),
(1822, 181111043, 78),
(1823, 181111044, 79),
(1824, 181111045, 81),
(1825, 181111046, 80),
(1826, 181111047, 79),
(1827, 181111048, 77),
(1828, 181111049, 79),
(1829, 181111050, 82),
(1830, 181111051, 80),
(1831, 181111052, 81),
(1832, 181111053, 77),
(1833, 181111054, 77),
(1834, 181111055, 79),
(1835, 181111056, 79),
(1836, 181111057, 82),
(1837, 181111058, 77),
(1838, 181111059, 79),
(1839, 181111060, 80),
(1840, 181111061, 80),
(1841, 181111062, 77),
(1842, 181111063, 81),
(1843, 181111064, 78),
(1844, 181111065, 78),
(1845, 181111066, 80),
(1846, 181111067, 79),
(1847, 181111068, 78),
(1848, 181111069, 78),
(1849, 181111070, 81),
(1850, 181111071, 78),
(1851, 181111073, 77),
(1852, 181111074, 78),
(1853, 181111076, 81),
(1854, 181111077, 77),
(1855, 181111078, 81),
(1856, 181111079, 78),
(1857, 181111080, 81),
(1858, 181111081, 80),
(1859, 181111082, 82),
(1860, 181111083, 81),
(1861, 181111084, 81),
(1862, 181111085, 82),
(1863, 181111086, 82),
(1864, 181111087, 77),
(1865, 181111088, 77),
(1866, 181111089, 79),
(1867, 181111090, 81),
(1868, 181111091, 77),
(1869, 181111092, 77),
(1870, 181111093, 80),
(1871, 181111094, 77),
(1872, 181111096, 77),
(1873, 181111097, 79),
(1874, 181111099, 82),
(1875, 181111100, 77),
(1876, 181111101, 81),
(1877, 181111102, 78),
(1878, 181111103, 78),
(1879, 181111104, 78),
(1880, 181111106, 78),
(1881, 181111107, 79),
(1882, 181111108, 77),
(1883, 181111109, 81),
(1884, 181116001, 77),
(1885, 181116002, 77),
(1886, 181116003, 78),
(1887, 181116005, 78),
(1888, 181116007, 79),
(1889, 181116008, 78),
(1890, 181116009, 79),
(1891, 181116010, 78),
(1892, 181116011, 78),
(1893, 181116012, 81),
(1894, 181116013, 77),
(1895, 181116014, 77),
(1896, 181116015, 82),
(1897, 181116017, 82),
(1898, 181116018, 81),
(1899, 181116019, 79),
(1900, 181116020, 82),
(1901, 181116021, 77),
(1902, 181116022, 77),
(1903, 181116026, 77),
(1904, 181116033, 78),
(1905, 181116034, 80),
(1906, 181116037, 81),
(1907, 181116038, 82),
(1908, 181116039, 79),
(1909, 181116041, 79),
(1910, 181116042, 78),
(1911, 181116043, 82),
(1912, 181116045, 80),
(1913, 181116046, 78),
(1914, 181116047, 82),
(1915, 181116048, 77),
(1916, 181116049, 79),
(1917, 181116050, 82),
(1918, 181116051, 79),
(1919, 181116052, 79),
(1920, 181116055, 82),
(1921, 181116056, 80),
(1922, 181116058, 78),
(1923, 181116059, 81),
(1924, 181116060, 79),
(1925, 181116062, 77),
(1926, 181116063, 79),
(1927, 181116064, 80),
(1928, 181116068, 81),
(1929, 181116069, 81),
(1930, 181116070, 81),
(1931, 181117001, 80),
(1932, 181117002, 80),
(1933, 181117003, 78),
(1934, 141111031, 86),
(1935, 141111047, 85),
(1936, 141111060, 86),
(1937, 141111076, 87),
(1938, 141111092, 83),
(1939, 161111021, 85),
(1940, 161111022, 84),
(1941, 161116009, 86),
(1942, 161116010, 83),
(1943, 171111039, 85),
(1944, 171111041, 87),
(1945, 171111058, 85),
(1946, 171111061, 84),
(1947, 171111090, 84),
(1948, 171111094, 83),
(1949, 171111128, 86),
(1950, 181111001, 85),
(1951, 181111002, 83),
(1952, 181111004, 85),
(1953, 181111005, 87),
(1954, 181111006, 85),
(1955, 181111007, 87),
(1956, 181111008, 83),
(1957, 181111009, 83),
(1958, 181111010, 84),
(1959, 181111011, 83),
(1960, 181111012, 85),
(1961, 181111014, 87),
(1962, 181111015, 84),
(1963, 181111016, 86),
(1964, 181111017, 87),
(1965, 181111018, 87),
(1966, 181111019, 87),
(1967, 181111020, 84),
(1968, 181111021, 84),
(1969, 181111022, 83),
(1970, 181111023, 83),
(1971, 181111024, 84),
(1972, 181111025, 85),
(1973, 181111026, 87),
(1974, 181111028, 85),
(1975, 181111029, 85),
(1976, 181111030, 85),
(1977, 181111031, 83),
(1978, 181111032, 85),
(1979, 181111033, 84),
(1980, 181111034, 85),
(1981, 181111035, 87),
(1982, 181111036, 86),
(1983, 181111037, 85),
(1984, 181111039, 86),
(1985, 181111040, 85),
(1986, 181111042, 87),
(1987, 181111043, 84),
(1988, 181111044, 84),
(1989, 181111045, 85),
(1990, 181111046, 84),
(1991, 181111047, 83),
(1992, 181111048, 86),
(1993, 181111049, 84),
(1994, 181111050, 85),
(1995, 181111051, 86),
(1996, 181111052, 85),
(1997, 181111053, 85),
(1998, 181111054, 85),
(1999, 181111055, 85),
(2000, 181111056, 83),
(2001, 181111057, 84),
(2002, 181111058, 83),
(2003, 181111059, 85),
(2004, 181111060, 87),
(2005, 181111061, 85),
(2006, 181111062, 86),
(2007, 181111063, 86),
(2008, 181111064, 84),
(2009, 181111065, 86),
(2010, 181111066, 84),
(2011, 181111067, 83),
(2012, 181111068, 85),
(2013, 181111069, 87),
(2014, 181111070, 84),
(2015, 181111071, 85),
(2016, 181111073, 87),
(2017, 181111074, 84),
(2018, 181111076, 87),
(2019, 181111077, 87),
(2020, 181111078, 85),
(2021, 181111079, 85),
(2022, 181111080, 83),
(2023, 181111081, 84),
(2024, 181111082, 83),
(2025, 181111083, 85),
(2026, 181111084, 87),
(2027, 181111085, 83),
(2028, 181111086, 87),
(2029, 181111087, 84),
(2030, 181111088, 86),
(2031, 181111089, 83),
(2032, 181111090, 85),
(2033, 181111091, 84),
(2034, 181111092, 85),
(2035, 181111093, 85),
(2036, 181111094, 83),
(2037, 181111096, 87),
(2038, 181111097, 85),
(2039, 181111099, 86),
(2040, 181111100, 85),
(2041, 181111101, 85),
(2042, 181111102, 83),
(2043, 181111103, 84),
(2044, 181111104, 85),
(2045, 181111106, 83),
(2046, 181111107, 86),
(2047, 181111108, 87),
(2048, 181111109, 84),
(2049, 181112001, 87),
(2050, 181116001, 85),
(2051, 181116002, 84),
(2052, 181116003, 85),
(2053, 181116005, 83),
(2054, 181116007, 85),
(2055, 181116008, 87),
(2056, 181116009, 86),
(2057, 181116010, 84),
(2058, 181116011, 83),
(2059, 181116012, 84),
(2060, 181116013, 85),
(2061, 181116014, 86),
(2062, 181116015, 84),
(2063, 181116017, 86),
(2064, 181116018, 84),
(2065, 181116019, 83),
(2066, 181116020, 87),
(2067, 181116021, 83),
(2068, 181116022, 84),
(2069, 181116026, 87),
(2070, 181116033, 85),
(2071, 181116034, 86),
(2072, 181116037, 86),
(2073, 181116038, 86),
(2074, 181116039, 83),
(2075, 181116041, 87),
(2076, 181116042, 84),
(2077, 181116043, 83),
(2078, 181116045, 87),
(2079, 181116046, 86),
(2080, 181116047, 86),
(2081, 181116048, 83),
(2082, 181116049, 87),
(2083, 181116050, 83),
(2084, 181116051, 85),
(2085, 181116052, 84),
(2086, 181116055, 87),
(2087, 181116056, 84),
(2088, 181116058, 85),
(2089, 181116059, 86),
(2090, 181116060, 85),
(2091, 181116062, 83),
(2092, 181116063, 87),
(2093, 181116064, 87),
(2094, 181116068, 83),
(2095, 181116069, 84),
(2096, 181116070, 87),
(2097, 181117002, 87),
(2098, 181117003, 87),
(2099, 141111006, 93),
(2100, 141111010, 92),
(2101, 141111017, 92),
(2102, 141111030, 89),
(2103, 141111031, 88),
(2104, 141111034, 93),
(2105, 141111047, 91),
(2106, 141111059, 90),
(2107, 141111070, 90),
(2108, 141111079, 92),
(2109, 151111016, 91),
(2110, 151111054, 90),
(2111, 151111066, 89),
(2112, 151111078, 91),
(2113, 151111090, 91),
(2114, 151111093, 88),
(2115, 151111099, 89),
(2116, 151111111, 92),
(2117, 151111137, 91),
(2118, 161111015, 91),
(2119, 161111035, 91),
(2120, 161111060, 93),
(2121, 161111061, 89),
(2122, 161111066, 88),
(2123, 161116005, 91),
(2124, 171111001, 92),
(2125, 171111003, 93),
(2126, 171111008, 91),
(2127, 171111009, 91),
(2128, 171111010, 91),
(2129, 171111011, 89),
(2130, 171111012, 92),
(2131, 171111014, 93),
(2132, 171111016, 93),
(2133, 171111019, 91),
(2134, 171111020, 93),
(2135, 171111021, 88),
(2136, 171111022, 92),
(2137, 171111023, 89),
(2138, 171111027, 88),
(2139, 171111029, 91),
(2140, 171111031, 88),
(2141, 171111032, 93),
(2142, 171111034, 88),
(2143, 171111035, 92),
(2144, 171111036, 93),
(2145, 171111037, 90),
(2146, 171111038, 89),
(2147, 171111040, 91),
(2148, 171111042, 91),
(2149, 171111043, 88),
(2150, 171111044, 92),
(2151, 171111045, 91),
(2152, 171111047, 92),
(2153, 171111049, 91),
(2154, 171111050, 93),
(2155, 171111051, 89),
(2156, 171111052, 92),
(2157, 171111053, 91),
(2158, 171111054, 93),
(2159, 171111055, 91),
(2160, 171111056, 91),
(2161, 171111057, 93),
(2162, 171111059, 92),
(2163, 171111060, 92),
(2164, 171111062, 88),
(2165, 171111064, 93),
(2166, 171111065, 90),
(2167, 171111066, 93),
(2168, 171111068, 90),
(2169, 171111069, 91),
(2170, 171111070, 90),
(2171, 171111071, 88),
(2172, 171111073, 93),
(2173, 171111074, 92),
(2174, 171111075, 89),
(2175, 171111076, 93),
(2176, 171111077, 88),
(2177, 171111078, 91),
(2178, 171111079, 88),
(2179, 171111080, 92),
(2180, 171111082, 93),
(2181, 171111083, 91),
(2182, 171111084, 93),
(2183, 171111085, 92),
(2184, 171111086, 92),
(2185, 171111087, 92),
(2186, 171111088, 88),
(2187, 171111093, 93),
(2188, 171111094, 90),
(2189, 171111096, 91),
(2190, 171111099, 93),
(2191, 171111101, 91),
(2192, 171111102, 92),
(2193, 171111103, 88),
(2194, 171111109, 91),
(2195, 171111110, 92),
(2196, 171111111, 91),
(2197, 171111112, 88),
(2198, 171111114, 92),
(2199, 171111115, 90),
(2200, 171111117, 91),
(2201, 171111118, 88),
(2202, 171111120, 89),
(2203, 171111121, 88),
(2204, 171111122, 93),
(2205, 171111127, 91),
(2206, 171116002, 93),
(2207, 171116003, 90),
(2208, 171116004, 93),
(2209, 171116005, 92),
(2210, 171116006, 93),
(2211, 171116007, 93),
(2212, 171116009, 90),
(2213, 171116011, 90),
(2214, 171116012, 89),
(2215, 171116013, 89),
(2216, 171116015, 92),
(2217, 171116016, 91),
(2218, 171116017, 90),
(2219, 171116018, 92),
(2220, 171116024, 92),
(2221, 171116026, 90),
(2222, 171116027, 90),
(2223, 171116028, 90),
(2224, 171116029, 88),
(2225, 171116030, 91),
(2226, 171116031, 88),
(2227, 171116032, 93),
(2228, 171116033, 91),
(2229, 171116034, 89),
(2230, 171116035, 91),
(2231, 171116039, 90),
(2232, 171116041, 93),
(2233, 171116045, 88),
(2234, 181112001, 88),
(2235, 111110424, 97),
(2236, 141111017, 98),
(2237, 141111018, 98),
(2238, 141111046, 95),
(2239, 141111060, 95),
(2240, 141111066, 94),
(2241, 141111089, 94),
(2242, 151111016, 94),
(2243, 151111030, 97),
(2244, 151111054, 100),
(2245, 151111063, 95),
(2246, 151111066, 94),
(2247, 151111075, 98),
(2248, 151111078, 100),
(2249, 151111082, 99),
(2250, 151111085, 99),
(2251, 151111095, 95),
(2252, 151111100, 96),
(2253, 151111111, 96),
(2254, 161111015, 95),
(2255, 161111033, 98),
(2256, 161111040, 99),
(2257, 161111057, 96),
(2258, 161111068, 100),
(2259, 161117003, 94),
(2260, 171111001, 96),
(2261, 171111003, 97),
(2262, 171111008, 96),
(2263, 171111009, 98),
(2264, 171111010, 95),
(2265, 171111011, 100),
(2266, 171111012, 95),
(2267, 171111014, 97),
(2268, 171111016, 100),
(2269, 171111017, 95),
(2270, 171111019, 98),
(2271, 171111020, 94),
(2272, 171111022, 100),
(2273, 171111023, 94),
(2274, 171111024, 100),
(2275, 171111028, 96),
(2276, 171111029, 95),
(2277, 171111031, 99),
(2278, 171111032, 98),
(2279, 171111034, 99),
(2280, 171111036, 99),
(2281, 171111037, 95),
(2282, 171111038, 99),
(2283, 171111039, 99),
(2284, 171111040, 94),
(2285, 171111041, 95),
(2286, 171111042, 100),
(2287, 171111043, 98),
(2288, 171111044, 94),
(2289, 171111045, 98),
(2290, 171111046, 100),
(2291, 171111047, 99),
(2292, 171111048, 96),
(2293, 171111049, 95),
(2294, 171111050, 99),
(2295, 171111051, 95),
(2296, 171111052, 99),
(2297, 171111054, 95),
(2298, 171111055, 97),
(2299, 171111056, 98),
(2300, 171111057, 98),
(2301, 171111058, 97),
(2302, 171111059, 98),
(2303, 171111061, 94),
(2304, 171111062, 98),
(2305, 171111064, 97),
(2306, 171111065, 96),
(2307, 171111066, 99),
(2308, 171111067, 99),
(2309, 171111068, 96),
(2310, 171111069, 96),
(2311, 171111070, 97),
(2312, 171111071, 99),
(2313, 171111073, 97),
(2314, 171111074, 96),
(2315, 171111075, 98),
(2316, 171111076, 94),
(2317, 171111077, 99),
(2318, 171111078, 98),
(2319, 171111079, 99),
(2320, 171111080, 99),
(2321, 171111082, 95),
(2322, 171111084, 99),
(2323, 171111085, 97),
(2324, 171111086, 95),
(2325, 171111087, 98),
(2326, 171111088, 99),
(2327, 171111093, 94),
(2328, 171111094, 96),
(2329, 171111096, 99),
(2330, 171111098, 96),
(2331, 171111099, 100),
(2332, 171111101, 94),
(2333, 171111102, 96),
(2334, 171111103, 100),
(2335, 171111109, 98),
(2336, 171111110, 97),
(2337, 171111111, 98),
(2338, 171111112, 97),
(2339, 171111114, 100),
(2340, 171111115, 95),
(2341, 171111117, 100),
(2342, 171111118, 96),
(2343, 171111120, 97),
(2344, 171111121, 95),
(2345, 171111122, 98),
(2346, 171111127, 98),
(2347, 171116002, 95),
(2348, 171116003, 100),
(2349, 171116004, 98),
(2350, 171116005, 100),
(2351, 171116006, 100),
(2352, 171116007, 100),
(2353, 171116009, 99),
(2354, 171116011, 100),
(2355, 171116012, 96),
(2356, 171116013, 97),
(2357, 171116015, 100),
(2358, 171116016, 97),
(2359, 171116017, 99),
(2360, 171116018, 100),
(2361, 171116024, 94),
(2362, 171116026, 97),
(2363, 171116027, 98),
(2364, 171116028, 100),
(2365, 171116029, 95),
(2366, 171116030, 99),
(2367, 171116031, 98),
(2368, 171116032, 95),
(2369, 171116033, 97),
(2370, 171116034, 96),
(2371, 171116035, 94),
(2372, 171116039, 96),
(2373, 171116041, 99),
(2374, 171116045, 95),
(2375, 181112001, 100),
(2376, 181117001, 98),
(2377, 181117003, 95),
(2378, 131110679, 105),
(2379, 141111034, 103),
(2380, 141111044, 103),
(2381, 141111046, 104),
(2382, 151111024, 103),
(2383, 151111072, 103),
(2384, 151111116, 101),
(2385, 151111120, 103),
(2386, 161111015, 101),
(2387, 161111022, 105),
(2388, 161116006, 101),
(2389, 161116009, 104),
(2390, 171111001, 104),
(2391, 171111003, 104),
(2392, 171111006, 102),
(2393, 171111008, 102),
(2394, 171111009, 102),
(2395, 171111010, 103),
(2396, 171111011, 101),
(2397, 171111012, 102),
(2398, 171111014, 103),
(2399, 171111016, 101),
(2400, 171111017, 105),
(2401, 171111019, 101),
(2402, 171111020, 101),
(2403, 171111022, 105),
(2404, 171111023, 101),
(2405, 171111024, 101),
(2406, 171111027, 105),
(2407, 171111028, 103),
(2408, 171111029, 104),
(2409, 171111031, 103),
(2410, 171111032, 101),
(2411, 171111034, 101),
(2412, 171111035, 101),
(2413, 171111036, 102),
(2414, 171111037, 103),
(2415, 171111038, 105),
(2416, 171111039, 103),
(2417, 171111040, 102),
(2418, 171111041, 104),
(2419, 171111042, 102),
(2420, 171111043, 103),
(2421, 171111044, 104),
(2422, 171111045, 104),
(2423, 171111046, 103),
(2424, 171111047, 105),
(2425, 171111048, 101),
(2426, 171111049, 103),
(2427, 171111050, 103),
(2428, 171111051, 104),
(2429, 171111052, 104),
(2430, 171111053, 105),
(2431, 171111054, 103),
(2432, 171111055, 102),
(2433, 171111056, 104),
(2434, 171111057, 102),
(2435, 171111059, 105);
INSERT INTO `ambilmk` (`ID_AMBILMK`, `NRP_MHS`, `ID_MATKUL`) VALUES
(2436, 171111060, 101),
(2437, 171111061, 103),
(2438, 171111062, 102),
(2439, 171111064, 102),
(2440, 171111065, 105),
(2441, 171111066, 103),
(2442, 171111067, 101),
(2443, 171111068, 102),
(2444, 171111069, 103),
(2445, 171111070, 103),
(2446, 171111071, 101),
(2447, 171111073, 102),
(2448, 171111074, 103),
(2449, 171111075, 104),
(2450, 171111076, 101),
(2451, 171111077, 103),
(2452, 171111078, 104),
(2453, 171111079, 103),
(2454, 171111080, 102),
(2455, 171111083, 105),
(2456, 171111085, 105),
(2457, 171111086, 102),
(2458, 171111087, 104),
(2459, 171111088, 102),
(2460, 171111092, 102),
(2461, 171111093, 105),
(2462, 171111094, 104),
(2463, 171111096, 102),
(2464, 171111098, 103),
(2465, 171111099, 104),
(2466, 171111101, 105),
(2467, 171111102, 104),
(2468, 171111103, 102),
(2469, 171111109, 103),
(2470, 171111110, 101),
(2471, 171111111, 105),
(2472, 171111112, 101),
(2473, 171111114, 103),
(2474, 171111115, 104),
(2475, 171111117, 102),
(2476, 171111118, 105),
(2477, 171111121, 102),
(2478, 171111122, 102),
(2479, 171111123, 104),
(2480, 171111127, 102),
(2481, 171116002, 104),
(2482, 171116003, 105),
(2483, 171116004, 102),
(2484, 171116005, 102),
(2485, 171116006, 105),
(2486, 171116007, 104),
(2487, 171116009, 103),
(2488, 171116011, 102),
(2489, 171116012, 103),
(2490, 171116013, 101),
(2491, 171116015, 103),
(2492, 171116016, 105),
(2493, 171116017, 101),
(2494, 171116018, 103),
(2495, 171116024, 101),
(2496, 171116026, 103),
(2497, 171116027, 101),
(2498, 171116028, 105),
(2499, 171116029, 105),
(2500, 171116030, 101),
(2501, 171116031, 103),
(2502, 171116032, 104),
(2503, 171116033, 102),
(2504, 171116034, 105),
(2505, 171116035, 105),
(2506, 171116039, 102),
(2507, 171116041, 104),
(2508, 171116045, 102),
(2509, 141111041, 106),
(2510, 141111059, 109),
(2511, 151111002, 109),
(2512, 151111003, 108),
(2513, 151111005, 107),
(2514, 151111024, 109),
(2515, 151111033, 107),
(2516, 151111037, 108),
(2517, 151111054, 107),
(2518, 151111070, 107),
(2519, 151111078, 108),
(2520, 151111090, 109),
(2521, 151111095, 109),
(2522, 151111108, 108),
(2523, 151111117, 109),
(2524, 151111120, 107),
(2525, 151111136, 109),
(2526, 151116005, 109),
(2527, 161111001, 108),
(2528, 161111003, 107),
(2529, 161111004, 109),
(2530, 161111005, 109),
(2531, 161111006, 109),
(2532, 161111007, 108),
(2533, 161111008, 108),
(2534, 161111009, 108),
(2535, 161111011, 108),
(2536, 161111012, 107),
(2537, 161111013, 107),
(2538, 161111014, 109),
(2539, 161111016, 108),
(2540, 161111017, 109),
(2541, 161111018, 109),
(2542, 161111019, 109),
(2543, 161111020, 107),
(2544, 161111021, 109),
(2545, 161111023, 107),
(2546, 161111024, 107),
(2547, 161111025, 109),
(2548, 161111026, 108),
(2549, 161111027, 108),
(2550, 161111028, 108),
(2551, 161111029, 107),
(2552, 161111030, 109),
(2553, 161111031, 109),
(2554, 161111032, 108),
(2555, 161111033, 108),
(2556, 161111035, 109),
(2557, 161111036, 109),
(2558, 161111037, 107),
(2559, 161111038, 107),
(2560, 161111040, 107),
(2561, 161111044, 109),
(2562, 161111048, 107),
(2563, 161111051, 108),
(2564, 161111052, 107),
(2565, 161111053, 107),
(2566, 161111054, 107),
(2567, 161111055, 108),
(2568, 161111056, 109),
(2569, 161111057, 108),
(2570, 161111060, 107),
(2571, 161111062, 107),
(2572, 161111064, 109),
(2573, 161111067, 108),
(2574, 161111068, 108),
(2575, 161111070, 108),
(2576, 161111071, 107),
(2577, 161111073, 109),
(2578, 161111075, 108),
(2579, 161111077, 108),
(2580, 161111078, 107),
(2581, 161111079, 109),
(2582, 161116002, 109),
(2583, 161116004, 107),
(2584, 161116005, 109),
(2585, 161116006, 108),
(2586, 161116011, 107),
(2587, 161116013, 107),
(2588, 161116014, 107),
(2589, 161116015, 107),
(2590, 161116017, 108),
(2591, 161116018, 108),
(2592, 161116021, 109),
(2593, 161116022, 109),
(2594, 161116023, 107),
(2595, 161116024, 109),
(2596, 161116026, 107),
(2597, 161116030, 107),
(2598, 161116033, 108),
(2599, 161116035, 109),
(2600, 161116036, 109),
(2601, 161116037, 108),
(2602, 161116038, 107),
(2603, 161116039, 108),
(2604, 161116040, 108),
(2605, 161116041, 109),
(2606, 171111029, 109),
(2607, 171111109, 108),
(2608, 171111111, 107),
(2609, 121110496, 111),
(2610, 121110574, 110),
(2611, 141111006, 110),
(2612, 141111017, 110),
(2613, 141111018, 111),
(2614, 141111030, 112),
(2615, 141111044, 111),
(2616, 141111046, 110),
(2617, 141111089, 111),
(2618, 141111092, 110),
(2619, 151111018, 111),
(2620, 151111026, 110),
(2621, 151111027, 111),
(2622, 151111055, 111),
(2623, 151111064, 110),
(2624, 151111066, 110),
(2625, 151111082, 111),
(2626, 151111086, 110),
(2627, 151111093, 111),
(2628, 151111106, 112),
(2629, 151111107, 112),
(2630, 151111111, 110),
(2631, 151111116, 111),
(2632, 151111123, 110),
(2633, 151111136, 112),
(2634, 161111001, 112),
(2635, 161111003, 111),
(2636, 161111005, 112),
(2637, 161111006, 110),
(2638, 161111010, 112),
(2639, 161111012, 110),
(2640, 161111013, 112),
(2641, 161111016, 111),
(2642, 161111018, 110),
(2643, 161111023, 112),
(2644, 161111025, 110),
(2645, 161111026, 111),
(2646, 161111027, 111),
(2647, 161111029, 111),
(2648, 161111030, 112),
(2649, 161111031, 110),
(2650, 161111032, 111),
(2651, 161111034, 112),
(2652, 161111036, 112),
(2653, 161111037, 110),
(2654, 161111038, 111),
(2655, 161111040, 112),
(2656, 161111042, 110),
(2657, 161111043, 111),
(2658, 161111044, 112),
(2659, 161111048, 112),
(2660, 161111053, 112),
(2661, 161111054, 111),
(2662, 161111056, 111),
(2663, 161111061, 111),
(2664, 161111062, 112),
(2665, 161111064, 111),
(2666, 161111066, 110),
(2667, 161111067, 110),
(2668, 161111068, 112),
(2669, 161111069, 111),
(2670, 161111070, 110),
(2671, 161111071, 111),
(2672, 161111076, 112),
(2673, 161111078, 110),
(2674, 161111079, 111),
(2675, 161116002, 111),
(2676, 161116004, 110),
(2677, 161116005, 111),
(2678, 161116006, 112),
(2679, 161116009, 110),
(2680, 161116010, 112),
(2681, 161116011, 110),
(2682, 161116013, 110),
(2683, 161116014, 111),
(2684, 161116015, 110),
(2685, 161116016, 111),
(2686, 161116017, 112),
(2687, 161116018, 110),
(2688, 161116021, 110),
(2689, 161116022, 111),
(2690, 161116023, 111),
(2691, 161116024, 112),
(2692, 161116026, 110),
(2693, 161116030, 111),
(2694, 161116033, 111),
(2695, 161116035, 112),
(2696, 161116036, 112),
(2697, 161116037, 112),
(2698, 161116038, 112),
(2699, 161116039, 111),
(2700, 161116040, 112),
(2701, 161116041, 111),
(2702, 161116043, 111),
(2703, 171111103, 110),
(2704, 171111110, 110),
(2705, 181117001, 112),
(2706, 181117003, 110),
(2707, 131110649, 116),
(2708, 141111070, 115),
(2709, 141111084, 113),
(2710, 151111012, 113),
(2711, 151111025, 116),
(2712, 151111036, 113),
(2713, 151111053, 114),
(2714, 151111084, 113),
(2715, 151111136, 113),
(2716, 151116005, 116),
(2717, 151116009, 115),
(2718, 161111001, 116),
(2719, 161111002, 113),
(2720, 161111004, 114),
(2721, 161111005, 114),
(2722, 161111006, 114),
(2723, 161111007, 115),
(2724, 161111009, 115),
(2725, 161111010, 115),
(2726, 161111011, 116),
(2727, 161111012, 115),
(2728, 161111013, 115),
(2729, 161111014, 113),
(2730, 161111016, 114),
(2731, 161111018, 114),
(2732, 161111020, 114),
(2733, 161111021, 113),
(2734, 161111022, 113),
(2735, 161111023, 115),
(2736, 161111024, 115),
(2737, 161111025, 115),
(2738, 161111026, 114),
(2739, 161111027, 116),
(2740, 161111028, 115),
(2741, 161111030, 113),
(2742, 161111031, 113),
(2743, 161111032, 115),
(2744, 161111033, 114),
(2745, 161111034, 114),
(2746, 161111036, 116),
(2747, 161111037, 114),
(2748, 161111038, 116),
(2749, 161111040, 113),
(2750, 161111042, 116),
(2751, 161111043, 115),
(2752, 161111044, 116),
(2753, 161111048, 114),
(2754, 161111051, 116),
(2755, 161111052, 113),
(2756, 161111053, 115),
(2757, 161111054, 114),
(2758, 161111055, 115),
(2759, 161111056, 114),
(2760, 161111061, 113),
(2761, 161111062, 114),
(2762, 161111063, 114),
(2763, 161111064, 116),
(2764, 161111066, 113),
(2765, 161111067, 115),
(2766, 161111068, 113),
(2767, 161111069, 116),
(2768, 161111070, 115),
(2769, 161111071, 116),
(2770, 161111073, 113),
(2771, 161111074, 115),
(2772, 161111075, 113),
(2773, 161111076, 113),
(2774, 161111077, 114),
(2775, 161111078, 113),
(2776, 161111079, 115),
(2777, 161116002, 114),
(2778, 161116004, 114),
(2779, 161116005, 114),
(2780, 161116006, 114),
(2781, 161116009, 115),
(2782, 161116011, 116),
(2783, 161116013, 116),
(2784, 161116014, 116),
(2785, 161116015, 114),
(2786, 161116016, 116),
(2787, 161116017, 115),
(2788, 161116018, 113),
(2789, 161116021, 115),
(2790, 161116022, 116),
(2791, 161116023, 115),
(2792, 161116026, 114),
(2793, 161116030, 114),
(2794, 161116033, 115),
(2795, 161116036, 114),
(2796, 161116038, 116),
(2797, 161116039, 115),
(2798, 161116040, 116),
(2799, 161116041, 115),
(2800, 161116043, 114),
(2801, 171111010, 116),
(2802, 171111055, 116),
(2803, 171116009, 116),
(2804, 181117002, 115),
(2805, 131110651, 117),
(2806, 131110658, 117),
(2807, 141111071, 117),
(2808, 151111011, 117),
(2809, 151111012, 117),
(2810, 151111017, 117),
(2811, 151111023, 117),
(2812, 151111029, 117),
(2813, 151111031, 117),
(2814, 151111033, 117),
(2815, 151111044, 117),
(2816, 151111045, 117),
(2817, 151111048, 117),
(2818, 151111049, 117),
(2819, 151111057, 117),
(2820, 151111058, 117),
(2821, 151111061, 117),
(2822, 151111063, 117),
(2823, 151111066, 117),
(2824, 151111071, 117),
(2825, 151111075, 117),
(2826, 151111081, 117),
(2827, 151111083, 117),
(2828, 151111084, 117),
(2829, 151111086, 117),
(2830, 151111087, 117),
(2831, 151111088, 117),
(2832, 151111092, 117),
(2833, 151111096, 117),
(2834, 151111097, 117),
(2835, 151111100, 117),
(2836, 151111112, 117),
(2837, 151111119, 117),
(2838, 151111121, 117),
(2839, 151111123, 117),
(2840, 151111126, 117),
(2841, 161111005, 117),
(2842, 161111033, 117),
(2843, 161111036, 117),
(2844, 161111062, 117),
(2845, 111110424, 119),
(2846, 111110437, 118),
(2847, 131110658, 119),
(2848, 131110712, 119),
(2849, 141111054, 118),
(2850, 141111077, 119),
(2851, 151111002, 118),
(2852, 151111007, 118),
(2853, 151111011, 119),
(2854, 151111018, 119),
(2855, 151111022, 119),
(2856, 151111026, 118),
(2857, 151111027, 119),
(2858, 151111033, 119),
(2859, 151111035, 118),
(2860, 151111039, 119),
(2861, 151111043, 119),
(2862, 151111045, 118),
(2863, 151111046, 118),
(2864, 151111063, 119),
(2865, 151111064, 119),
(2866, 151111068, 118),
(2867, 151111075, 119),
(2868, 151111079, 119),
(2869, 151111081, 118),
(2870, 151111082, 118),
(2871, 151111086, 119),
(2872, 151111088, 118),
(2873, 151111090, 119),
(2874, 151111092, 118),
(2875, 151111097, 119),
(2876, 151111099, 118),
(2877, 151111104, 118),
(2878, 151111107, 118),
(2879, 151111114, 118),
(2880, 151111122, 119),
(2881, 151111126, 119),
(2882, 161111027, 118),
(2883, 161111048, 118),
(2884, 161111070, 119),
(2885, 161111077, 119),
(2886, 161111078, 118),
(2887, 141111024, 120),
(2888, 121110555, 121),
(2889, 131110690, 122),
(2890, 141111004, 122),
(2891, 141111024, 122),
(2892, 141111034, 121),
(2893, 141111046, 122),
(2894, 141111057, 122),
(2895, 141111066, 122),
(2896, 141111069, 121),
(2897, 141111070, 122),
(2898, 141111071, 121),
(2899, 141111085, 122),
(2900, 141113006, 121),
(2901, 151111002, 121),
(2902, 151111003, 122),
(2903, 151111004, 121),
(2904, 151111005, 122),
(2905, 151111014, 122),
(2906, 151111015, 121),
(2907, 151111016, 121),
(2908, 151111017, 122),
(2909, 151111019, 122),
(2910, 151111025, 121),
(2911, 151111026, 122),
(2912, 151111029, 122),
(2913, 151111039, 121),
(2914, 151111044, 122),
(2915, 151111047, 122),
(2916, 151111049, 122),
(2917, 151111053, 122),
(2918, 151111054, 121),
(2919, 151111055, 122),
(2920, 151111063, 121),
(2921, 151111064, 121),
(2922, 151111066, 122),
(2923, 151111071, 121),
(2924, 151111075, 121),
(2925, 151111077, 121),
(2926, 151111078, 121),
(2927, 151111079, 121),
(2928, 151111080, 121),
(2929, 151111082, 122),
(2930, 151111083, 121),
(2931, 151111085, 121),
(2932, 151111087, 122),
(2933, 151111091, 122),
(2934, 151111092, 121),
(2935, 151111094, 121),
(2936, 151111106, 121),
(2937, 151111112, 122),
(2938, 151111113, 122),
(2939, 151111118, 121),
(2940, 151111120, 121),
(2941, 151111122, 122),
(2942, 151111124, 122),
(2943, 151111126, 121),
(2944, 151111137, 121),
(2945, 151116005, 122),
(2946, 151116009, 122),
(2947, 161116005, 122),
(2948, 161116011, 121),
(2949, 161116013, 121),
(2950, 161116018, 122),
(2951, 161116021, 122),
(2952, 161116026, 121),
(2953, 161117001, 121),
(2954, 161117002, 122),
(2955, 161117003, 121),
(2956, 161117005, 121),
(2957, 111110424, 123),
(2958, 121110520, 123),
(2959, 131110661, 123),
(2960, 131110691, 123),
(2961, 141111004, 123),
(2962, 141111022, 123),
(2963, 151111001, 123),
(2964, 151111002, 123),
(2965, 151111003, 123),
(2966, 151111015, 123),
(2967, 151111021, 123),
(2968, 151111030, 123),
(2969, 151111039, 123),
(2970, 151111041, 123),
(2971, 151111043, 123),
(2972, 151111045, 123),
(2973, 151111046, 123),
(2974, 151111049, 123),
(2975, 151111050, 123),
(2976, 151111064, 123),
(2977, 151111077, 123),
(2978, 151111079, 123),
(2979, 151111081, 123),
(2980, 151111084, 123),
(2981, 151111086, 123),
(2982, 151111088, 123),
(2983, 151111089, 123),
(2984, 151111091, 123),
(2985, 151111097, 123),
(2986, 151111114, 123),
(2987, 151111119, 123),
(2988, 151111123, 123),
(2989, 151111124, 123),
(2990, 12170017, 124),
(2991, 121110592, 124),
(2992, 131110658, 124),
(2993, 131110678, 125),
(2994, 141113006, 124),
(2995, 151111017, 125),
(2996, 151111018, 124),
(2997, 151111023, 124),
(2998, 151111025, 125),
(2999, 151111026, 124),
(3000, 151111029, 124),
(3001, 151111031, 125),
(3002, 151111044, 125),
(3003, 151111048, 124),
(3004, 151111057, 125),
(3005, 151111058, 124),
(3006, 151111061, 124),
(3007, 151111063, 124),
(3008, 151111083, 125),
(3009, 151111087, 125),
(3010, 151111092, 124),
(3011, 151111106, 124),
(3012, 151111107, 125),
(3013, 151111125, 124),
(3014, 151111126, 125),
(3015, 161116038, 124),
(3016, 161117002, 124),
(3017, 161117003, 125),
(3018, 12170017, 126),
(3019, 12170022, 126),
(3020, 13170031, 127),
(3021, 13190076, 126),
(3022, 111110367, 126),
(3023, 111110385, 127),
(3024, 111110405, 127),
(3025, 111110413, 126),
(3026, 111110415, 127),
(3027, 111110424, 126),
(3028, 111110427, 127),
(3029, 111110433, 127),
(3030, 111110437, 126),
(3031, 111110443, 127),
(3032, 111110444, 126),
(3033, 111110452, 127),
(3034, 111110466, 126),
(3035, 111110472, 126),
(3036, 111110473, 126),
(3037, 121110496, 126),
(3038, 121110517, 127),
(3039, 121110520, 127),
(3040, 121110541, 127),
(3041, 121110544, 127),
(3042, 121110560, 126),
(3043, 121110579, 126),
(3044, 121110582, 127),
(3045, 121110592, 127),
(3046, 121110608, 127),
(3047, 121110609, 126),
(3048, 131110626, 127),
(3049, 131110637, 127),
(3050, 131110642, 127),
(3051, 131110649, 126),
(3052, 131110658, 127),
(3053, 131110661, 126),
(3054, 131110668, 126),
(3055, 131110672, 127),
(3056, 131110678, 127),
(3057, 131110691, 126),
(3058, 131110702, 127),
(3059, 131110704, 126),
(3060, 131110706, 127),
(3061, 131110709, 126),
(3062, 131110716, 127),
(3063, 131110717, 126),
(3064, 131110722, 126),
(3065, 141111001, 126),
(3066, 141111007, 127),
(3067, 141111011, 127),
(3068, 141111016, 126),
(3069, 141111020, 126),
(3070, 141111021, 126),
(3071, 141111022, 127),
(3072, 141111029, 127),
(3073, 141111033, 126),
(3074, 141111036, 127),
(3075, 141111037, 126),
(3076, 141111040, 127),
(3077, 141111041, 126),
(3078, 141111049, 127),
(3079, 141111053, 127),
(3080, 141111056, 126),
(3081, 141111058, 126),
(3082, 141111061, 126),
(3083, 141111062, 126),
(3084, 141111065, 126),
(3085, 141111067, 127),
(3086, 141111068, 127),
(3087, 141111072, 126),
(3088, 141111075, 127),
(3089, 141111077, 127),
(3090, 141111082, 127),
(3091, 141111088, 127),
(3092, 141111090, 126),
(3093, 141111091, 127),
(3094, 141111096, 126),
(3095, 141111099, 127),
(3096, 141111102, 127),
(3097, 141114001, 126),
(3098, 151111008, 126),
(3099, 151111010, 126),
(3100, 151111073, 126),
(3101, 151111098, 126),
(3102, 151111104, 126),
(3103, 151111119, 126),
(3104, 161112001, 127),
(3105, 161117001, 127),
(3106, 161117003, 127),
(3107, 161117005, 127),
(3108, 141111066, 129),
(3109, 141111083, 133),
(3110, 141111084, 130),
(3111, 141113006, 129),
(3112, 151111036, 133),
(3113, 171111021, 134),
(3114, 171111083, 134),
(3115, 171111092, 135),
(3116, 171111128, 129),
(3117, 181111001, 128),
(3118, 181111002, 133),
(3119, 181111004, 130),
(3120, 181111005, 133),
(3121, 181111006, 133),
(3122, 181111007, 135),
(3123, 181111008, 133),
(3124, 181111009, 133),
(3125, 181111010, 129),
(3126, 181111011, 128),
(3127, 181111012, 132),
(3128, 181111014, 131),
(3129, 181111015, 128),
(3130, 181111016, 128),
(3131, 181111017, 129),
(3132, 181111018, 131),
(3133, 181111019, 128),
(3134, 181111020, 128),
(3135, 181111021, 133),
(3136, 181111022, 132),
(3137, 181111023, 129),
(3138, 181111024, 129),
(3139, 181111025, 133),
(3140, 181111026, 132),
(3141, 181111028, 129),
(3142, 181111029, 132),
(3143, 181111030, 131),
(3144, 181111031, 129),
(3145, 181111032, 130),
(3146, 181111033, 133),
(3147, 181111034, 133),
(3148, 181111035, 130),
(3149, 181111036, 128),
(3150, 181111037, 130),
(3151, 181111039, 130),
(3152, 181111040, 132),
(3153, 181111042, 134),
(3154, 181111043, 128),
(3155, 181111044, 135),
(3156, 181111045, 128),
(3157, 181111046, 134),
(3158, 181111047, 131),
(3159, 181111048, 128),
(3160, 181111049, 134),
(3161, 181111050, 129),
(3162, 181111051, 135),
(3163, 181111052, 128),
(3164, 181111053, 128),
(3165, 181111054, 133),
(3166, 181111055, 132),
(3167, 181111056, 130),
(3168, 181111057, 135),
(3169, 181111058, 129),
(3170, 181111059, 128),
(3171, 181111060, 134),
(3172, 181111061, 130),
(3173, 181111062, 133),
(3174, 181111063, 133),
(3175, 181111064, 130),
(3176, 181111065, 132),
(3177, 181111066, 133),
(3178, 181111067, 135),
(3179, 181111068, 132),
(3180, 181111069, 134),
(3181, 181111070, 131),
(3182, 181111071, 134),
(3183, 181111073, 129),
(3184, 181111074, 128),
(3185, 181111076, 130),
(3186, 181111077, 134),
(3187, 181111078, 134),
(3188, 181111079, 129),
(3189, 181111080, 128),
(3190, 181111081, 131),
(3191, 181111082, 132),
(3192, 181111083, 132),
(3193, 181111084, 133),
(3194, 181111085, 133),
(3195, 181111086, 129),
(3196, 181111087, 130),
(3197, 181111088, 133),
(3198, 181111089, 135),
(3199, 181111090, 130),
(3200, 181111091, 128),
(3201, 181111092, 135),
(3202, 181111093, 129),
(3203, 181111094, 135),
(3204, 181111096, 130),
(3205, 181111097, 132),
(3206, 181111099, 131),
(3207, 181111100, 134),
(3208, 181111101, 134),
(3209, 181111102, 132),
(3210, 181111103, 131),
(3211, 181111104, 132),
(3212, 181111106, 129),
(3213, 181111107, 131),
(3214, 181111108, 133),
(3215, 181111109, 135),
(3216, 181116001, 134),
(3217, 181116002, 134),
(3218, 181116003, 129),
(3219, 181116005, 131),
(3220, 181116007, 134),
(3221, 181116008, 131),
(3222, 181116009, 132),
(3223, 181116010, 133),
(3224, 181116011, 130),
(3225, 181116012, 132),
(3226, 181116013, 133),
(3227, 181116014, 135),
(3228, 181116015, 133),
(3229, 181116017, 132),
(3230, 181116018, 128),
(3231, 181116019, 133),
(3232, 181116020, 133),
(3233, 181116021, 134),
(3234, 181116022, 130),
(3235, 181116026, 132),
(3236, 181116033, 128),
(3237, 181116034, 128),
(3238, 181116037, 131),
(3239, 181116038, 130),
(3240, 181116039, 132),
(3241, 181116041, 135),
(3242, 181116042, 128),
(3243, 181116043, 130),
(3244, 181116045, 131),
(3245, 181116046, 133),
(3246, 181116047, 133),
(3247, 181116048, 134),
(3248, 181116049, 134),
(3249, 181116050, 135),
(3250, 181116051, 132),
(3251, 181116052, 129),
(3252, 181116055, 129),
(3253, 181116056, 132),
(3254, 181116058, 134),
(3255, 181116059, 132),
(3256, 181116060, 128),
(3257, 181116062, 133),
(3258, 181116063, 128),
(3259, 181116064, 131),
(3260, 181116068, 134),
(3261, 181116069, 129),
(3262, 181116070, 133),
(3263, 13170031, 136),
(3264, 131110679, 137),
(3265, 141111038, 137),
(3266, 141111079, 136),
(3267, 141111084, 138),
(3268, 141111092, 138),
(3269, 141113006, 136),
(3270, 151111005, 137),
(3271, 151111016, 136),
(3272, 151111017, 136),
(3273, 151111018, 137),
(3274, 151111020, 136),
(3275, 151111022, 138),
(3276, 151111024, 138),
(3277, 151111025, 138),
(3278, 151111026, 138),
(3279, 151111027, 137),
(3280, 151111033, 138),
(3281, 151111037, 136),
(3282, 151111039, 137),
(3283, 151111043, 137),
(3284, 151111045, 136),
(3285, 151111046, 137),
(3286, 151111049, 137),
(3287, 151111054, 138),
(3288, 151111064, 136),
(3289, 151111066, 136),
(3290, 151111070, 136),
(3291, 151111077, 136),
(3292, 151111079, 136),
(3293, 151111084, 138),
(3294, 151111085, 137),
(3295, 151111088, 136),
(3296, 151111089, 138),
(3297, 151111093, 137),
(3298, 151111094, 138),
(3299, 151111096, 137),
(3300, 151111099, 137),
(3301, 151111108, 136),
(3302, 151111112, 136),
(3303, 151111113, 137),
(3304, 151111114, 138),
(3305, 151111116, 138),
(3306, 151111117, 136),
(3307, 151111124, 136),
(3308, 151111126, 136),
(3309, 151116005, 136),
(3310, 151116009, 137),
(3311, 161111005, 136),
(3312, 161111008, 138),
(3313, 161111012, 136),
(3314, 161111016, 136),
(3315, 161111017, 136),
(3316, 161111028, 138),
(3317, 161111029, 136),
(3318, 161111034, 137),
(3319, 161111035, 136),
(3320, 161111052, 136),
(3321, 161111055, 137),
(3322, 161111060, 137),
(3323, 161111069, 136),
(3324, 161111071, 137),
(3325, 161111073, 137),
(3326, 161111077, 138),
(3327, 161116002, 138),
(3328, 161116004, 136),
(3329, 161116017, 136),
(3330, 161116018, 136),
(3331, 161116021, 138),
(3332, 161116022, 136),
(3333, 161116023, 138),
(3334, 161116024, 136),
(3335, 161116026, 138),
(3336, 161116033, 137),
(3337, 161116035, 138),
(3338, 161116036, 138),
(3339, 161116037, 137),
(3340, 161116038, 138),
(3341, 161116039, 136),
(3342, 161116040, 136),
(3343, 171111020, 138),
(3344, 171111052, 138),
(3345, 171111065, 137),
(3346, 171111069, 138),
(3347, 171111073, 138),
(3348, 171111076, 138),
(3349, 171111077, 138),
(3350, 171111078, 138),
(3351, 171111079, 138),
(3352, 171111084, 137),
(3353, 171111085, 138),
(3354, 171111112, 136),
(3355, 171116032, 136),
(3356, 171116045, 137),
(3357, 141111006, 139),
(3358, 141111048, 139),
(3359, 151111004, 139),
(3360, 151111007, 139),
(3361, 151111010, 139),
(3362, 151111019, 139),
(3363, 151111040, 139),
(3364, 151111047, 139),
(3365, 151111082, 139),
(3366, 151111106, 139),
(3367, 161111007, 139),
(3368, 161111018, 139),
(3369, 161111031, 139),
(3370, 161111032, 139),
(3371, 161111042, 139),
(3372, 161111051, 139),
(3373, 161111074, 139),
(3374, 171111047, 139),
(3375, 171111070, 139),
(3376, 171111114, 139),
(3377, 141111006, 140),
(3378, 141111017, 140),
(3379, 141111084, 140),
(3380, 151111003, 140),
(3381, 151111009, 140),
(3382, 151111019, 140),
(3383, 151111026, 140),
(3384, 151111027, 140),
(3385, 151111036, 140),
(3386, 151111039, 140),
(3387, 151111045, 140),
(3388, 151111054, 140),
(3389, 151111064, 140),
(3390, 151111066, 140),
(3391, 151111077, 140),
(3392, 151111088, 140),
(3393, 151111095, 140),
(3394, 151111107, 140),
(3395, 151111113, 140),
(3396, 151111114, 140),
(3397, 151111117, 140),
(3398, 151111118, 140),
(3399, 151111124, 140),
(3400, 141111024, 141);

-- --------------------------------------------------------

--
-- Table structure for table `detail_absen`
--

CREATE TABLE `detail_absen` (
  `ID_DETABSEN` int(11) NOT NULL,
  `ID_ABSEN` varchar(6) NOT NULL,
  `NRP_MHS` int(11) NOT NULL,
  `STATUS_DETABSEN` varchar(1) DEFAULT NULL,
  `TS_DETABSEN` timestamp NOT NULL DEFAULT CURRENT_TIMESTAMP ON UPDATE CURRENT_TIMESTAMP
) ENGINE=InnoDB DEFAULT CHARSET=latin1 ROW_FORMAT=COMPACT;

--
-- Dumping data for table `detail_absen`
--

INSERT INTO `detail_absen` (`ID_DETABSEN`, `ID_ABSEN`, `NRP_MHS`, `STATUS_DETABSEN`, `TS_DETABSEN`) VALUES
(34, 'dpmxDw', 171116030, '1', '2020-02-14 08:19:15'),
(35, 'dpmxDw', 171116030, '1', '2020-02-14 08:19:15'),
(36, 'dpmxDw', 171116030, '1', '2020-02-14 08:19:15'),
(37, 'dpmxDw', 171116030, '1', '2020-02-14 08:19:15'),
(38, 'dpmxDw', 171116030, '1', '2020-02-14 08:19:15'),
(39, 'dpmxDw', 171116030, '1', '2020-02-14 08:19:15'),
(40, 'dpmxDw', 171116030, '1', '2020-02-14 08:19:15'),
(41, 'dpmxDw', 171116030, '1', '2020-02-14 08:19:15'),
(42, 'dpmxDw', 171116030, '1', '2020-02-14 08:19:15'),
(43, 'dpmxDw', 171116030, '1', '2020-02-14 08:19:15'),
(44, 'dpmxDw', 171116030, '1', '2020-02-14 08:19:15'),
(45, 'dpmxDw', 171116030, '1', '2020-02-14 08:19:15'),
(46, 'dpmxDw', 171116030, '1', '2020-02-14 08:19:15'),
(47, 'dpmxDw', 171116030, '1', '2020-02-14 08:19:15'),
(48, 'dpmxDw', 171116030, '1', '2020-02-14 08:19:15'),
(49, 'dpmxDw', 171116030, '1', '2020-02-14 08:19:15'),
(50, 'dpmxDw', 171116030, '1', '2020-02-14 08:19:15'),
(51, 'dpmxDw', 171116030, '1', '2020-02-14 08:19:15'),
(52, 'dpmxDw', 171116030, '1', '2020-02-14 08:19:15'),
(53, 'dpmxDw', 171116030, '1', '2020-02-14 08:19:15'),
(54, 'dpmxDw', 171116030, '1', '2020-02-14 08:19:15'),
(55, 'dpmxDw', 171116030, '1', '2020-02-14 08:19:15'),
(56, 'dpmxDw', 171116030, '1', '2020-02-14 08:19:15'),
(57, 'dpmxDw', 171116030, '1', '2020-02-14 08:19:15'),
(58, 'Wpl8Gz', 181111007, '0', '2020-02-14 08:22:13'),
(59, 'Wpl8Gz', 181111018, '0', '2020-02-14 08:22:13'),
(60, 'Wpl8Gz', 181111019, '0', '2020-02-14 08:22:13'),
(61, 'Wpl8Gz', 181111024, '0', '2020-02-14 08:22:13'),
(62, 'Wpl8Gz', 181111039, '0', '2020-02-14 08:22:13'),
(63, 'Wpl8Gz', 181111049, '0', '2020-02-14 08:22:13'),
(64, 'Wpl8Gz', 181111051, '0', '2020-02-14 08:22:13'),
(65, 'Wpl8Gz', 181111058, '0', '2020-02-14 08:22:13'),
(66, 'Wpl8Gz', 181111061, '0', '2020-02-14 08:22:13'),
(67, 'Wpl8Gz', 181111066, '0', '2020-02-14 08:22:13'),
(68, 'Wpl8Gz', 181111068, '0', '2020-02-14 08:22:13'),
(69, 'Wpl8Gz', 181111076, '0', '2020-02-14 08:22:13'),
(70, 'Wpl8Gz', 181111106, '0', '2020-02-14 08:22:13'),
(71, 'Wpl8Gz', 181116014, '0', '2020-02-14 08:22:13'),
(72, 'Wpl8Gz', 181116045, '0', '2020-02-14 08:22:13'),
(73, 'Wpl8Gz', 181116058, '0', '2020-02-14 08:22:13'),
(74, 'OoQGhS', 161116016, '0', '2020-02-14 08:25:43'),
(75, 'OoQGhS', 171111128, '0', '2020-02-14 08:25:43'),
(76, 'OoQGhS', 181111008, '0', '2020-02-14 08:25:43'),
(77, 'OoQGhS', 181111009, '0', '2020-02-14 08:25:43'),
(78, 'OoQGhS', 181111020, '0', '2020-02-14 08:25:43'),
(79, 'OoQGhS', 181111031, '0', '2020-02-14 08:25:43'),
(80, 'OoQGhS', 181111040, '0', '2020-02-14 08:25:43'),
(81, 'OoQGhS', 181111085, '0', '2020-02-14 08:25:43'),
(82, 'OoQGhS', 181111091, '0', '2020-02-14 08:25:43'),
(83, 'OoQGhS', 181116003, '0', '2020-02-14 08:25:43'),
(84, 'OoQGhS', 181116019, '0', '2020-02-14 08:25:43'),
(85, 'OoQGhS', 181116041, '0', '2020-02-14 08:25:43'),
(86, 'OoQGhS', 181116047, '0', '2020-02-14 08:25:43'),
(87, 'OoQGhS', 181116059, '0', '2020-02-14 08:25:43'),
(88, 'OoQGhS', 181116070, '0', '2020-02-14 08:25:43'),
(89, 's36Y57', 131110649, '1', '2020-02-14 08:49:25'),
(90, 's36Y57', 131110649, '1', '2020-02-14 08:49:25'),
(91, 's36Y57', 131110649, '1', '2020-02-14 08:49:25'),
(92, 's36Y57', 131110649, '1', '2020-02-14 08:49:25'),
(93, 's36Y57', 131110649, '1', '2020-02-14 08:49:25'),
(94, 's36Y57', 131110649, '1', '2020-02-14 08:49:25'),
(95, 's36Y57', 131110649, '1', '2020-02-14 08:49:25'),
(96, 's36Y57', 131110649, '1', '2020-02-14 08:49:25'),
(97, 's36Y57', 131110649, '1', '2020-02-14 08:49:25'),
(98, 's36Y57', 131110649, '1', '2020-02-14 08:49:25'),
(99, 's36Y57', 131110649, '1', '2020-02-14 08:49:25'),
(100, 's36Y57', 131110649, '1', '2020-02-14 08:49:25'),
(101, 's36Y57', 131110649, '1', '2020-02-14 08:49:25'),
(102, 's36Y57', 131110649, '1', '2020-02-14 08:49:25'),
(103, 's36Y57', 131110649, '1', '2020-02-14 08:49:25'),
(104, 's36Y57', 131110649, '1', '2020-02-14 08:49:25'),
(105, 's36Y57', 131110649, '1', '2020-02-14 08:49:25'),
(106, 's36Y57', 131110649, '1', '2020-02-14 08:49:25'),
(107, 's36Y57', 131110649, '1', '2020-02-14 08:49:25'),
(108, 's36Y57', 131110649, '1', '2020-02-14 08:49:25'),
(109, 's36Y57', 131110649, '1', '2020-02-14 08:49:25'),
(110, 's36Y57', 131110649, '1', '2020-02-14 08:49:25'),
(111, 's36Y57', 131110649, '1', '2020-02-14 08:49:25'),
(112, 's36Y57', 131110649, '1', '2020-02-14 08:49:25'),
(113, 's36Y57', 131110649, '1', '2020-02-14 08:49:25'),
(114, 's36Y57', 131110649, '1', '2020-02-14 08:49:25'),
(115, 's36Y57', 131110649, '1', '2020-02-14 08:49:25'),
(116, 's36Y57', 131110649, '1', '2020-02-14 08:49:25'),
(117, 's36Y57', 131110649, '1', '2020-02-14 08:49:25'),
(118, 's36Y57', 131110649, '1', '2020-02-14 08:49:25'),
(119, 's36Y57', 131110649, '1', '2020-02-14 08:49:25'),
(120, 's36Y57', 131110649, '1', '2020-02-14 08:49:25'),
(121, 's36Y57', 131110649, '1', '2020-02-14 08:49:25'),
(144, 'dV9Dvc', 131110649, '3', '2020-02-14 08:53:13'),
(145, 'dV9Dvc', 131110649, '3', '2020-02-14 08:53:13'),
(146, 'dV9Dvc', 131110649, '3', '2020-02-14 08:53:13'),
(147, 'dV9Dvc', 131110649, '3', '2020-02-14 08:53:13'),
(148, 'dV9Dvc', 131110649, '3', '2020-02-14 08:53:13'),
(149, 'dV9Dvc', 131110649, '3', '2020-02-14 08:53:13'),
(150, 'dV9Dvc', 131110649, '3', '2020-02-14 08:53:13'),
(151, 'dV9Dvc', 131110649, '3', '2020-02-14 08:53:13'),
(152, 'dV9Dvc', 131110649, '3', '2020-02-14 08:53:13'),
(153, 'dV9Dvc', 131110649, '3', '2020-02-14 08:53:13'),
(154, 'dV9Dvc', 131110649, '3', '2020-02-14 08:53:13'),
(155, 'dV9Dvc', 131110649, '3', '2020-02-14 08:53:13'),
(156, 'dV9Dvc', 131110649, '3', '2020-02-14 08:53:13'),
(157, 'dV9Dvc', 131110649, '3', '2020-02-14 08:53:13'),
(158, 'dV9Dvc', 131110649, '3', '2020-02-14 08:53:13'),
(159, 'dV9Dvc', 131110649, '3', '2020-02-14 08:53:13'),
(160, 'dV9Dvc', 131110649, '3', '2020-02-14 08:53:13'),
(161, 'dV9Dvc', 131110649, '3', '2020-02-14 08:53:13'),
(162, 'dV9Dvc', 131110649, '3', '2020-02-14 08:53:13'),
(163, 'dV9Dvc', 131110649, '3', '2020-02-14 08:53:13'),
(164, 'dV9Dvc', 131110649, '3', '2020-02-14 08:53:13'),
(165, 'dV9Dvc', 131110649, '3', '2020-02-14 08:53:13'),
(166, 'dV9Dvc', 131110649, '3', '2020-02-14 08:53:13'),
(167, 'dV9Dvc', 131110649, '3', '2020-02-14 08:53:13'),
(168, 'dV9Dvc', 131110649, '3', '2020-02-14 08:53:13'),
(169, 'dV9Dvc', 131110649, '3', '2020-02-14 08:53:13'),
(170, 'dV9Dvc', 131110649, '3', '2020-02-14 08:53:13'),
(171, 'dV9Dvc', 131110649, '3', '2020-02-14 08:53:13'),
(172, 'dV9Dvc', 131110649, '3', '2020-02-14 08:53:13'),
(173, 'dV9Dvc', 131110649, '3', '2020-02-14 08:53:13'),
(174, 'dV9Dvc', 131110649, '3', '2020-02-14 08:53:13'),
(175, 'dV9Dvc', 131110649, '3', '2020-02-14 08:53:13'),
(176, 'dV9Dvc', 131110649, '3', '2020-02-14 08:53:13'),
(201, 'vfDAMy', 151111116, '1', '2020-02-14 09:01:47'),
(202, 'vfDAMy', 161111015, '3', '2020-02-14 09:01:47'),
(203, 'vfDAMy', 161116006, '2', '2020-02-14 09:01:47'),
(204, 'vfDAMy', 171111011, '0', '2020-02-14 09:01:34'),
(205, 'vfDAMy', 171111016, '1', '2020-02-14 09:01:47'),
(206, 'vfDAMy', 171111019, '1', '2020-02-14 09:01:47'),
(207, 'vfDAMy', 171111020, '1', '2020-02-14 09:01:47'),
(208, 'vfDAMy', 171111023, '1', '2020-02-14 09:01:47'),
(209, 'vfDAMy', 171111024, '1', '2020-02-14 09:01:47'),
(210, 'vfDAMy', 171111032, '1', '2020-02-14 09:01:47'),
(211, 'vfDAMy', 171111034, '1', '2020-02-14 09:01:47'),
(212, 'vfDAMy', 171111035, '1', '2020-02-14 09:01:48'),
(213, 'vfDAMy', 171111048, '1', '2020-02-14 09:01:48'),
(214, 'vfDAMy', 171111060, '1', '2020-02-14 09:01:48'),
(215, 'vfDAMy', 171111067, '1', '2020-02-14 09:01:48'),
(216, 'vfDAMy', 171111071, '1', '2020-02-14 09:01:48'),
(217, 'vfDAMy', 171111076, '1', '2020-02-14 09:01:48'),
(218, 'vfDAMy', 171111110, '1', '2020-02-14 09:01:48'),
(219, 'vfDAMy', 171111112, '1', '2020-02-14 09:01:48'),
(220, 'vfDAMy', 171116013, '1', '2020-02-14 09:01:48'),
(221, 'vfDAMy', 171116017, '1', '2020-02-14 09:01:48'),
(222, 'vfDAMy', 171116024, '1', '2020-02-14 09:01:48'),
(223, 'vfDAMy', 171116027, '1', '2020-02-14 09:01:48'),
(224, 'vfDAMy', 171116030, '1', '2020-02-14 09:01:48'),
(225, 'MXxNUd', 131110649, '0', '2020-02-14 10:48:40'),
(226, 'MXxNUd', 141111006, '0', '2020-02-14 10:48:40'),
(227, 'MXxNUd', 141111066, '0', '2020-02-14 10:48:40'),
(228, 'MXxNUd', 141111071, '0', '2020-02-14 10:48:40'),
(229, 'MXxNUd', 141111083, '0', '2020-02-14 10:48:40'),
(230, 'MXxNUd', 151111003, '0', '2020-02-14 10:48:40'),
(231, 'MXxNUd', 151111004, '0', '2020-02-14 10:48:40'),
(232, 'MXxNUd', 151111007, '0', '2020-02-14 10:48:40'),
(233, 'MXxNUd', 151111014, '0', '2020-02-14 10:48:40'),
(234, 'MXxNUd', 151111015, '0', '2020-02-14 10:48:40'),
(235, 'MXxNUd', 151111021, '0', '2020-02-14 10:48:40'),
(236, 'MXxNUd', 151111023, '0', '2020-02-14 10:48:40'),
(237, 'MXxNUd', 151111025, '0', '2020-02-14 10:48:40'),
(238, 'MXxNUd', 151111027, '0', '2020-02-14 10:48:40'),
(239, 'MXxNUd', 151111039, '0', '2020-02-14 10:48:40'),
(240, 'MXxNUd', 151111041, '0', '2020-02-14 10:48:40'),
(241, 'MXxNUd', 151111043, '0', '2020-02-14 10:48:40'),
(242, 'MXxNUd', 151111045, '0', '2020-02-14 10:48:40'),
(243, 'MXxNUd', 151111048, '0', '2020-02-14 10:48:40'),
(244, 'MXxNUd', 151111054, '0', '2020-02-14 10:48:40'),
(245, 'MXxNUd', 151111055, '0', '2020-02-14 10:48:40'),
(246, 'MXxNUd', 151111079, '0', '2020-02-14 10:48:40'),
(247, 'MXxNUd', 151111088, '0', '2020-02-14 10:48:40'),
(248, 'MXxNUd', 151111094, '0', '2020-02-14 10:48:40'),
(249, 'MXxNUd', 151111096, '0', '2020-02-14 10:48:40'),
(250, 'MXxNUd', 151111100, '0', '2020-02-14 10:48:40'),
(251, 'MXxNUd', 151111106, '0', '2020-02-14 10:48:40'),
(252, 'MXxNUd', 151111111, '0', '2020-02-14 10:48:40'),
(253, 'MXxNUd', 151111114, '0', '2020-02-14 10:48:40'),
(254, 'MXxNUd', 151111122, '0', '2020-02-14 10:48:40'),
(255, 'MXxNUd', 161111020, '0', '2020-02-14 10:48:40'),
(256, 'MXxNUd', 161111034, '0', '2020-02-14 10:48:40'),
(257, 'MXxNUd', 161111078, '0', '2020-02-14 10:48:40');

-- --------------------------------------------------------

--
-- Table structure for table `dosen`
--

CREATE TABLE `dosen` (
  `NIP_DOSEN` int(11) NOT NULL,
  `PASS_DOSEN` varchar(25) DEFAULT NULL,
  `NAMA_DOSEN` varchar(50) DEFAULT NULL,
  `EMAIL_DOSEN` varchar(25) DEFAULT NULL,
  `STATUS_LOGIN` int(11) DEFAULT '0',
  `STATUS_PASS` int(11) DEFAULT '0'
) ENGINE=InnoDB DEFAULT CHARSET=latin1 ROW_FORMAT=COMPACT;

--
-- Dumping data for table `dosen`
--

INSERT INTO `dosen` (`NIP_DOSEN`, `PASS_DOSEN`, `NAMA_DOSEN`, `EMAIL_DOSEN`, `STATUS_LOGIN`, `STATUS_PASS`) VALUES
(10001, 'stikimalang', 'Ir. Laurentius Noer Andoyo, M.T', '10001@stiki.ac.id', 0, 0),
(10004, 'stikimalang', 'Dipl. Ing Indra Soegiharto S H., MBA.', '10004@stiki.ac.id', 0, 0),
(10034, 'stikimalang', 'Anita, S.Kom, M.T', '10034@stiki.ac.id', 0, 0),
(10038, 'stikimalang', 'Dr. Evy Poerbaningtyas, S.Si, M.T.', '10038@stiki.ac.id', 0, 0),
(10040, 'stikimalang', 'Sugeng Widodo, S.Kom., M.Kom', '10040@stiki.ac.id', 0, 0),
(10041, 'stikimalang', 'Jozua F. Palandi, M.Kom', '10041@stiki.ac.id', 0, 0),
(10045, 'stikimalang', 'Laila Isyriyah, M.Kom', '10045@stiki.ac.id', 0, 0),
(10050, 'stikimalang', 'Dr. Eva Handriyantini, S.Kom, M.MT', '10050@stiki.ac.id', 0, 0),
(10052, 'stikimalang', 'Daniel Rudiaman Sijabat, ST., M.Kom', '10052@stiki.ac.id', 0, 0),
(10057, 'stikimalang', 'Drs. Wasis, M.A.B', '10057@stiki.ac.id', 0, 0),
(10063, 'stikimalang', 'Diah Arifah Prastiningtiyas, S.Kom, M.T', '10063@stiki.ac.id', 0, 0),
(10067, 'stikimalang', 'Setiabudi Sakaria, M.Kom', '10067@stiki.ac.id', 0, 0),
(10077, 'stikimalang', 'Subari, S.Kom.,  M.Kom', '10077@stiki.ac.id', 0, 0),
(10078, 'stikimalang', 'Zusana E. Pudyastuti, S.S., M.Pd', '10078@stiki.ac.id', 0, 0),
(10081, 'stikimalang', 'Saiful Yahya, S.Sn, M.T', '10081@stiki.ac.id', 0, 0),
(10091, 'stikimalang', 'Go Frendi Gunawan, M.Kom', '10091@stiki.ac.id', 0, 0),
(10096, 'stikimalang', 'Meivi Kartikasari, S.Kom., M.T', '10096@stiki.ac.id', 0, 0),
(10106, 'stikimalang', 'Koko Wahyu Prasetyo, S.Kom, M.TI', '10106@stiki.ac.id', 0, 0),
(10128, 'stikimalang', 'Nira Radita, M.Pd', '10128@stiki.ac.id', 0, 0),
(10130, 'stikimalang', 'Yekti Asmoro Kanthi, S.Si., M.A.B', '10130@stiki.ac.id', 0, 0),
(10135, 'stikimalang', 'Rachman Hardiansyah, S.Pd., M.P.I', '10135@stiki.ac.id', 0, 0),
(10152, 'stikimalang', 'Addin Aditya, M.Kom', '10152@stiki.ac.id', 0, 0),
(10154, 'stikimalang', 'Febry Eka Purwiantono, S.Kom., M.Kom', '10154@stiki.ac.id', 0, 0),
(10163, 'stikimalang', 'Bagus Kristomoyo Kristanto, S.Kom., M.MT', '10163@stiki.ac.id', 0, 0),
(10174, 'stikimalang', 'Adnan Zulkarnain ,S.Kom., M.M.S.I', '10174@stiki.ac.id', 0, 0),
(10175, 'stikimalang', 'Arif Tirtana , S.Kom., M.Kom', '10175@stiki.ac.id', 0, 0),
(10178, 'stikimalang', 'M. Ubaidillah. RS.PdI, M.Pd.I ', '10178@stiki.ac.id', 0, 0),
(10179, 'stikimalang', 'Antonius Duty Susilo, M.T', '10179@stiki.ac.id', 0, 0),
(10180, 'stikimalang', 'Fakhris Khusnu Reza Mahfud, S.Kom., M.Kom', '10180@stiki.ac.id', 0, 0),
(40006, 'stikimalang', 'Rachmawati, S.Psi., M.Com', '40006@stiki.ac.id', 0, 0),
(40016, 'stikimalang', 'Rakhmad Maulidi, M.Kom', '40016@stiki.ac.id', 0, 0),
(40019, 'stikimalang', 'DR. H. Teguh Suratman, SH., MS.', '40019@stiki.ac.id', 0, 0),
(40021, 'stikimalang', 'Moody D. Goni, M.A.', '40021@stiki.ac.id', 0, 0),
(40065, 'stikimalang', 'Chaulina Alfianti Oktavia, S.Kom., M.T', '40065@stiki.ac.id', 0, 0),
(40077, 'stikimalang', 'Windarini Cahyadiana, S.E., M.M', '40077@stiki.ac.id', 0, 0),
(40078, 'stikimalang', 'Siti Aminah, S .Pd., S.Si., M.Pd', '40078@stiki.ac.id', 0, 0),
(40093, 'stikimalang', 'Eko Aprianto ,S.Pd., M.Pd', '40093@stiki.ac.id', 0, 0);

-- --------------------------------------------------------

--
-- Table structure for table `mahasiswa`
--

CREATE TABLE `mahasiswa` (
  `NRP_MHS` int(11) NOT NULL,
  `PASS_MHS` varchar(25) DEFAULT NULL,
  `NAMA_MHS` varchar(50) DEFAULT NULL,
  `EMAIL_MHS` varchar(25) DEFAULT NULL,
  `ID_DEVICE` varchar(25) DEFAULT NULL,
  `STATUS_LOGIN` int(11) DEFAULT '0',
  `STATUS_PASS` int(11) DEFAULT '0',
  `LAST_LOGOUT` bigint(15) DEFAULT '0'
) ENGINE=InnoDB DEFAULT CHARSET=latin1 ROW_FORMAT=COMPACT;

--
-- Dumping data for table `mahasiswa`
--

INSERT INTO `mahasiswa` (`NRP_MHS`, `PASS_MHS`, `NAMA_MHS`, `EMAIL_MHS`, `ID_DEVICE`, `STATUS_LOGIN`, `STATUS_PASS`, `LAST_LOGOUT`) VALUES
(12170017, 'stikimalang', 'ADRIAN RAMADHAN', '12170017@mhs.stiki.ac.id', NULL, 0, 0, 0),
(12170022, 'stikimalang', 'FARID ABIDIN', '12170022@mhs.stiki.ac.id', NULL, 0, 0, 0),
(13170031, 'stikimalang', 'EKO TRIONO', '13170031@mhs.stiki.ac.id', NULL, 0, 0, 0),
(13190076, 'stikimalang', 'MIKRAJUSSIBIYAN', '13190076@mhs.stiki.ac.id', NULL, 0, 0, 0),
(111110367, 'stikimalang', 'BAMBANG WIJANARKO', '111110367@mhs.stiki.ac.id', NULL, 0, 0, 0),
(111110385, 'stikimalang', 'MOHAMMAD RIEFKI RAHMAN S.', '111110385@mhs.stiki.ac.id', NULL, 0, 0, 0),
(111110405, 'stikimalang', 'WISNU WARDHANA', '111110405@mhs.stiki.ac.id', NULL, 0, 0, 0),
(111110413, 'stikimalang', 'ARISTO PALAGUNA', '111110413@mhs.stiki.ac.id', NULL, 0, 0, 0),
(111110415, 'stikimalang', 'LILLAHI ALI AKBAR ALFARUQ', '111110415@mhs.stiki.ac.id', NULL, 0, 0, 0),
(111110424, 'stikimalang', 'MIFTAH MUHAMMAD', '111110424@mhs.stiki.ac.id', NULL, 0, 0, 0),
(111110427, 'stikimalang', 'DIMAS LUTFI FAHRUROZI', '111110427@mhs.stiki.ac.id', NULL, 0, 0, 0),
(111110433, 'stikimalang', 'ZICO BONETTI ALDANNY', '111110433@mhs.stiki.ac.id', NULL, 0, 0, 0),
(111110437, 'stikimalang', 'FAJAR FANDI FATGEHIPON', '111110437@mhs.stiki.ac.id', NULL, 0, 0, 0),
(111110443, 'stikimalang', 'GHEGHET DWI IRMAN', '111110443@mhs.stiki.ac.id', NULL, 0, 0, 0),
(111110444, 'stikimalang', 'FACHRY RESTU PRAMBUDI', '111110444@mhs.stiki.ac.id', NULL, 0, 0, 0),
(111110452, 'stikimalang', 'M. IKHWAN FAKHRUR ROZI', '111110452@mhs.stiki.ac.id', NULL, 0, 0, 0),
(111110466, 'stikimalang', 'NOVRIAN PANGUMBALERANG', '111110466@mhs.stiki.ac.id', NULL, 0, 0, 0),
(111110472, 'stikimalang', 'BRAM PURBA AMIRULMUKMININ', '111110472@mhs.stiki.ac.id', NULL, 0, 0, 0),
(111110473, 'stikimalang', 'AVIV FANSHUR MUHAIMIN', '111110473@mhs.stiki.ac.id', NULL, 0, 0, 0),
(121110496, 'stikimalang', 'CHRISTOPHER YUDIONO', '121110496@mhs.stiki.ac.id', NULL, 0, 0, 0),
(121110517, 'stikimalang', 'FITRI DAYANTI', '121110517@mhs.stiki.ac.id', NULL, 0, 0, 0),
(121110520, 'stikimalang', 'ABDUL HAFIDZ THALIB', '121110520@mhs.stiki.ac.id', NULL, 0, 0, 0),
(121110541, 'stikimalang', 'EKO ARDIAN PRANATA', '121110541@mhs.stiki.ac.id', NULL, 0, 0, 0),
(121110544, 'stikimalang', 'KAUTSAR ALIF WAKID', '121110544@mhs.stiki.ac.id', NULL, 0, 0, 0),
(121110555, 'stikimalang', 'MUHAMMAD RIZKY ARDIANSYAH', '121110555@mhs.stiki.ac.id', NULL, 0, 0, 0),
(121110558, 'stikimalang', 'NABILADIKA NAUFAL RAFIF', '121110558@mhs.stiki.ac.id', NULL, 0, 0, 0),
(121110560, 'stikimalang', 'ARGA STEFIAN DANI', '121110560@mhs.stiki.ac.id', NULL, 0, 0, 0),
(121110574, 'stikimalang', 'AHMAD SIDDIQ NUR FADILLAH', '121110574@mhs.stiki.ac.id', NULL, 0, 0, 0),
(121110579, 'stikimalang', 'GILANG AKBAR RAMADHAN', '121110579@mhs.stiki.ac.id', NULL, 0, 0, 0),
(121110582, 'stikimalang', 'SIGIT TEGUH PRAKOSO', '121110582@mhs.stiki.ac.id', NULL, 0, 0, 0),
(121110592, 'stikimalang', 'DIONISIUS CHANDRA ENDRIANTO', '121110592@mhs.stiki.ac.id', NULL, 0, 0, 0),
(121110608, 'stikimalang', 'RESTU MULYA ANGGARA', '121110608@mhs.stiki.ac.id', NULL, 0, 0, 0),
(121110609, 'stikimalang', 'MUHAMMAD SYAIFULLAH', '121110609@mhs.stiki.ac.id', NULL, 0, 0, 0),
(131110626, 'stikimalang', 'ADI BAYU PERMADI', '131110626@mhs.stiki.ac.id', NULL, 0, 0, 0),
(131110637, 'stikimalang', 'ALFAN SABILILLAH HIDAYATULLAH', '131110637@mhs.stiki.ac.id', NULL, 0, 0, 0),
(131110642, 'stikimalang', 'SYNTIA WIDYAYUNINGTIAS PUTRI LISTIO', '131110642@mhs.stiki.ac.id', NULL, 0, 0, 0),
(131110649, 'stikimalang', 'HAMDAN BAHARUDIN', '131110649@mhs.stiki.ac.id', NULL, 0, 0, 0),
(131110651, 'stikimalang', 'MARIA FRANSISKA SARE LABINA', '131110651@mhs.stiki.ac.id', NULL, 0, 0, 0),
(131110658, 'stikimalang', 'AHMAD ANIEL AHSAN', '131110658@mhs.stiki.ac.id', NULL, 0, 0, 0),
(131110661, 'stikimalang', 'WILLIAM NUGRAHA PRATAMA LAUA', '131110661@mhs.stiki.ac.id', NULL, 0, 0, 0),
(131110668, 'stikimalang', 'BIMA SURYA ANANDA', '131110668@mhs.stiki.ac.id', NULL, 0, 0, 0),
(131110672, 'stikimalang', 'CHANDRA ARIF SETIAWAN', '131110672@mhs.stiki.ac.id', NULL, 0, 0, 0),
(131110678, 'stikimalang', 'FRANCO DILLON KASE', '131110678@mhs.stiki.ac.id', NULL, 0, 0, 0),
(131110679, 'stikimalang', 'MUHAMMAD ARIF SUBKHAN', '131110679@mhs.stiki.ac.id', NULL, 0, 0, 0),
(131110690, 'stikimalang', 'DIMAS MAHARDIKA', '131110690@mhs.stiki.ac.id', NULL, 0, 0, 0),
(131110691, 'stikimalang', 'MUHAMAD ANDY GHIFFARY', '131110691@mhs.stiki.ac.id', NULL, 0, 0, 0),
(131110702, 'stikimalang', 'RADIK CAHYO TULLAH', '131110702@mhs.stiki.ac.id', NULL, 0, 0, 0),
(131110704, 'stikimalang', 'HUSEIN ALI MAHDAWI', '131110704@mhs.stiki.ac.id', NULL, 0, 0, 0),
(131110706, 'stikimalang', 'ERWIN TRIWIDA KUSUMA', '131110706@mhs.stiki.ac.id', NULL, 0, 0, 0),
(131110709, 'stikimalang', 'BERYL WARDHANA PUTRA', '131110709@mhs.stiki.ac.id', NULL, 0, 0, 0),
(131110712, 'stikimalang', 'AKHMAD ZAKARIA', '131110712@mhs.stiki.ac.id', NULL, 0, 0, 0),
(131110716, 'stikimalang', 'DIDIN OKI SETIAWAN', '131110716@mhs.stiki.ac.id', NULL, 0, 0, 0),
(131110717, 'stikimalang', 'ANDIK SISWANTO', '131110717@mhs.stiki.ac.id', NULL, 0, 0, 0),
(131110722, 'stikimalang', 'ILHAM MASHUDI', '131110722@mhs.stiki.ac.id', NULL, 0, 0, 0),
(141111001, 'stikimalang', 'SHEM SHEEHAN WIDODO', '141111001@mhs.stiki.ac.id', NULL, 0, 0, 0),
(141111004, 'stikimalang', 'RICKY WICAKSONO P', '141111004@mhs.stiki.ac.id', NULL, 0, 0, 0),
(141111006, 'stikimalang', 'CHRISTIANTO DWI PERMANA', '141111006@mhs.stiki.ac.id', NULL, 0, 0, 0),
(141111007, 'stikimalang', 'AHMAD SYAIFULLAH', '141111007@mhs.stiki.ac.id', NULL, 0, 0, 0),
(141111010, 'stikimalang', 'DENDY ASADILLA YANUAR', '141111010@mhs.stiki.ac.id', NULL, 0, 0, 0),
(141111011, 'stikimalang', 'STANISLAUS FELIX ANDIKA PRASETYA SANTOSO', '141111011@mhs.stiki.ac.id', NULL, 0, 0, 0),
(141111016, 'stikimalang', 'FEBRI YOHANES ALDI WICAKSONO', '141111016@mhs.stiki.ac.id', NULL, 0, 0, 0),
(141111017, 'stikimalang', 'TRI BAGUS BIANTORO', '141111017@mhs.stiki.ac.id', NULL, 0, 0, 0),
(141111018, 'stikimalang', 'ERWAN KUSUMA WIJAYA', '141111018@mhs.stiki.ac.id', NULL, 0, 0, 0),
(141111020, 'stikimalang', 'MUH. ADHAR', '141111020@mhs.stiki.ac.id', NULL, 0, 0, 0),
(141111021, 'stikimalang', 'DIRTA PUTRA ANGGARA', '141111021@mhs.stiki.ac.id', NULL, 0, 0, 0),
(141111022, 'stikimalang', 'YONATAN LEO KRISTIANTO', '141111022@mhs.stiki.ac.id', NULL, 0, 0, 0),
(141111024, 'stikimalang', 'ELLA AYUNINGTYAS', '141111024@mhs.stiki.ac.id', NULL, 0, 0, 0),
(141111029, 'stikimalang', 'THRIAS WELDA', '141111029@mhs.stiki.ac.id', NULL, 0, 0, 0),
(141111030, 'stikimalang', 'DICKY ARI WICAKSONO', '141111030@mhs.stiki.ac.id', NULL, 0, 0, 0),
(141111031, 'stikimalang', 'ANDRY PRASETYO', '141111031@mhs.stiki.ac.id', NULL, 0, 0, 0),
(141111033, 'stikimalang', 'SAFIRUDIN HARIANTO', '141111033@mhs.stiki.ac.id', NULL, 0, 0, 0),
(141111034, 'stikimalang', 'ELIZABETH MARCINDYSARI WADJONG', '141111034@mhs.stiki.ac.id', NULL, 0, 0, 0),
(141111036, 'stikimalang', 'MOHAMMAD NUR FAUZI ISHAQ', '141111036@mhs.stiki.ac.id', NULL, 0, 0, 0),
(141111037, 'stikimalang', 'DITA KURNIA SANDI', '141111037@mhs.stiki.ac.id', NULL, 0, 0, 0),
(141111038, 'stikimalang', 'DICHO DERMAWAN GUSTIMEGA', '141111038@mhs.stiki.ac.id', NULL, 0, 0, 0),
(141111040, 'stikimalang', 'PUTRA ARIKA FAJAR SETIAWAN', '141111040@mhs.stiki.ac.id', NULL, 0, 0, 0),
(141111041, 'stikimalang', 'BERNADINUS RANDIANO UTOMO', '141111041@mhs.stiki.ac.id', NULL, 0, 0, 0),
(141111042, 'stikimalang', 'RIFKI PRAMOENDHITO PUTRA', '141111042@mhs.stiki.ac.id', NULL, 0, 0, 0),
(141111044, 'stikimalang', 'INDRA PRADESA', '141111044@mhs.stiki.ac.id', NULL, 0, 0, 0),
(141111045, 'stikimalang', 'AGUSTINA PRIHATINI TITIN', '141111045@mhs.stiki.ac.id', NULL, 0, 0, 0),
(141111046, 'stikimalang', 'MUHAMMAD ADAM', '141111046@mhs.stiki.ac.id', NULL, 0, 0, 0),
(141111047, 'stikimalang', 'WAHYU TRI ISMOYO', '141111047@mhs.stiki.ac.id', NULL, 0, 0, 0),
(141111048, 'stikimalang', 'BINTANG ALNARDO MARPAUNG', '141111048@mhs.stiki.ac.id', NULL, 0, 0, 0),
(141111049, 'stikimalang', 'NOVAN SATRIA YOGASWARA', '141111049@mhs.stiki.ac.id', NULL, 0, 0, 0),
(141111053, 'stikimalang', 'AJI ANDIKA PURNOMO', '141111053@mhs.stiki.ac.id', NULL, 0, 0, 0),
(141111054, 'stikimalang', 'ERIECH RAGIL TRIWIBOWO', '141111054@mhs.stiki.ac.id', NULL, 0, 0, 0),
(141111056, 'stikimalang', 'HELMY ANDRIANTO', '141111056@mhs.stiki.ac.id', NULL, 0, 0, 0),
(141111057, 'stikimalang', 'FEBE SILVIANITA IMELDA S', '141111057@mhs.stiki.ac.id', NULL, 0, 0, 0),
(141111058, 'stikimalang', 'FIQH RIZKI SAPUTRA', '141111058@mhs.stiki.ac.id', NULL, 0, 0, 0),
(141111059, 'stikimalang', 'M. FIRMANSYAH ALNAUFAL G', '141111059@mhs.stiki.ac.id', NULL, 0, 0, 0),
(141111060, 'stikimalang', 'MUHAMMAD TAUFIK A. HASAN', '141111060@mhs.stiki.ac.id', NULL, 0, 0, 0),
(141111061, 'stikimalang', 'NOVIYAN ARIGOH SYAH PUTRA', '141111061@mhs.stiki.ac.id', NULL, 0, 0, 0),
(141111062, 'stikimalang', 'DANU SETYO UTOMO', '141111062@mhs.stiki.ac.id', NULL, 0, 0, 0),
(141111063, 'stikimalang', 'BAGUS NUR MOCHAMMAD', '141111063@mhs.stiki.ac.id', NULL, 0, 0, 0),
(141111065, 'stikimalang', 'SURYANDARU SUSILO', '141111065@mhs.stiki.ac.id', NULL, 0, 0, 0),
(141111066, 'stikimalang', 'YOHANES SURYANTO NATAL', '141111066@mhs.stiki.ac.id', NULL, 0, 0, 0),
(141111067, 'stikimalang', 'LULUK MASLUKHAH', '141111067@mhs.stiki.ac.id', NULL, 0, 0, 0),
(141111068, 'stikimalang', 'ALFONSIUS LORENSIUS', '141111068@mhs.stiki.ac.id', NULL, 0, 0, 0),
(141111069, 'stikimalang', 'TRIO DIDIN ERMAWAN', '141111069@mhs.stiki.ac.id', NULL, 0, 0, 0),
(141111070, 'stikimalang', 'BAGUS PRATAMA PUTRA B', '141111070@mhs.stiki.ac.id', NULL, 0, 0, 0),
(141111071, 'stikimalang', 'HELMI FAZAISYAH', '141111071@mhs.stiki.ac.id', NULL, 0, 0, 0),
(141111072, 'stikimalang', 'TRIYUNI PRATIWI', '141111072@mhs.stiki.ac.id', NULL, 0, 0, 0),
(141111074, 'stikimalang', 'RISSA ARIMAWAN', '141111074@mhs.stiki.ac.id', NULL, 0, 0, 0),
(141111075, 'stikimalang', 'MUCH FAKEH ZAINAL ABIDIN', '141111075@mhs.stiki.ac.id', NULL, 0, 0, 0),
(141111076, 'stikimalang', 'JOSHUA TSIDKENU M. R.', '141111076@mhs.stiki.ac.id', NULL, 0, 0, 0),
(141111077, 'stikimalang', 'WILLYANTO SUTIKNO', '141111077@mhs.stiki.ac.id', NULL, 0, 0, 0),
(141111079, 'stikimalang', 'DANANG NUGROHO ADI', '141111079@mhs.stiki.ac.id', NULL, 0, 0, 0),
(141111082, 'stikimalang', 'ANDREAS SATRYA ADIANTO KORBAFO', '141111082@mhs.stiki.ac.id', NULL, 0, 0, 0),
(141111083, 'stikimalang', 'MUHAMMAD RIDHA', '141111083@mhs.stiki.ac.id', NULL, 0, 0, 0),
(141111084, 'stikimalang', 'ACHYAR ABDULLAH', '141111084@mhs.stiki.ac.id', NULL, 0, 0, 0),
(141111085, 'stikimalang', 'ARIEF RAMADHAN', '141111085@mhs.stiki.ac.id', NULL, 0, 0, 0),
(141111088, 'stikimalang', 'MOHAMMAD DIDIN HAFIDUDIN', '141111088@mhs.stiki.ac.id', NULL, 0, 0, 0),
(141111089, 'stikimalang', 'ACHMAD ZAZA SANDRI A FANDI', '141111089@mhs.stiki.ac.id', NULL, 0, 0, 0),
(141111090, 'stikimalang', 'PUTRO DWI BUDI UTOMO', '141111090@mhs.stiki.ac.id', NULL, 0, 0, 0),
(141111091, 'stikimalang', 'YUDHO PRASETYO', '141111091@mhs.stiki.ac.id', NULL, 0, 0, 0),
(141111092, 'stikimalang', 'ANDREW FIDE PRASETYO', '141111092@mhs.stiki.ac.id', NULL, 0, 0, 0),
(141111096, 'stikimalang', 'GEORGE JAMAL CLYNTON', '141111096@mhs.stiki.ac.id', NULL, 0, 0, 0),
(141111099, 'stikimalang', 'U\'UN SETIAWATI', '141111099@mhs.stiki.ac.id', NULL, 0, 0, 0),
(141111102, 'stikimalang', 'KHOIRUN NAFISAH', '141111102@mhs.stiki.ac.id', NULL, 0, 0, 0),
(141113006, 'stikimalang', 'MOCH DAWOED', '141113006@mhs.stiki.ac.id', NULL, 0, 0, 0),
(141113007, 'stikimalang', 'ALEX FAHRUDIN', '141113007@mhs.stiki.ac.id', NULL, 0, 0, 0),
(141113012, 'stikimalang', 'JAJANG ADI NURMAN', '141113012@mhs.stiki.ac.id', NULL, 0, 0, 0),
(141114001, 'stikimalang', 'ADIE FIRMANSAH', '141114001@mhs.stiki.ac.id', NULL, 0, 0, 0),
(151111001, 'stikimalang', 'MARGARETHA CINDY OLIVIA', '151111001@mhs.stiki.ac.id', NULL, 0, 0, 0),
(151111002, 'stikimalang', 'IIQ FATMA AINUR RIZQOINI SHOFW', '151111002@mhs.stiki.ac.id', NULL, 0, 0, 0),
(151111003, 'stikimalang', 'DENNY RESTU PUTRA EFENDY', '151111003@mhs.stiki.ac.id', NULL, 0, 0, 0),
(151111004, 'stikimalang', 'YOSUA HADINATA HARIYANTO', '151111004@mhs.stiki.ac.id', NULL, 0, 0, 0),
(151111005, 'stikimalang', 'DICKY IRFAN NUR SANDI', '151111005@mhs.stiki.ac.id', NULL, 0, 0, 0),
(151111007, 'stikimalang', 'DANIEL EKO PRASETYO TANUWIJAYA', '151111007@mhs.stiki.ac.id', NULL, 0, 0, 0),
(151111008, 'stikimalang', 'BENNY PUTRA HALIM', '151111008@mhs.stiki.ac.id', NULL, 0, 0, 0),
(151111009, 'stikimalang', 'YOGA NANDA SAPUTRA', '151111009@mhs.stiki.ac.id', NULL, 0, 0, 0),
(151111010, 'stikimalang', 'YOSIAS SUPARNO', '151111010@mhs.stiki.ac.id', NULL, 0, 0, 0),
(151111011, 'stikimalang', 'YOHANES DWI LISTIO', '151111011@mhs.stiki.ac.id', NULL, 0, 0, 0),
(151111012, 'stikimalang', 'MOH ALEK MUSTOFA', '151111012@mhs.stiki.ac.id', NULL, 0, 0, 0),
(151111014, 'stikimalang', 'ARRIZKY RAHMAT ALIFIANSYAH', '151111014@mhs.stiki.ac.id', NULL, 0, 0, 0),
(151111015, 'stikimalang', 'LAURENT BAGASKARA SUGIRI', '151111015@mhs.stiki.ac.id', NULL, 0, 0, 0),
(151111016, 'stikimalang', 'ARDY BAGUS SUGIHARTO', '151111016@mhs.stiki.ac.id', NULL, 0, 0, 0),
(151111017, 'stikimalang', 'KHILMI ABDURROHMAN', '151111017@mhs.stiki.ac.id', NULL, 0, 0, 0),
(151111018, 'stikimalang', 'JUMAWAL', '151111018@mhs.stiki.ac.id', NULL, 0, 0, 0),
(151111019, 'stikimalang', 'KALEB MOLEWE', '151111019@mhs.stiki.ac.id', NULL, 0, 0, 0),
(151111020, 'stikimalang', 'GANIS ILHAM ASHARY', '151111020@mhs.stiki.ac.id', NULL, 0, 0, 0),
(151111021, 'stikimalang', 'AMY KARTIKA SARI', '151111021@mhs.stiki.ac.id', NULL, 0, 0, 0),
(151111022, 'stikimalang', 'MEGAWATI RISTANTI', '151111022@mhs.stiki.ac.id', NULL, 0, 0, 0),
(151111023, 'stikimalang', 'BAIQ FARIDA NOLAWANGI', '151111023@mhs.stiki.ac.id', NULL, 0, 0, 0),
(151111024, 'stikimalang', 'SATRIAWAN HERDIYANTO', '151111024@mhs.stiki.ac.id', NULL, 0, 0, 0),
(151111025, 'stikimalang', 'IRVAN MUHAMMAD', '151111025@mhs.stiki.ac.id', NULL, 0, 0, 0),
(151111026, 'stikimalang', 'IKBAL', '151111026@mhs.stiki.ac.id', NULL, 0, 0, 0),
(151111027, 'stikimalang', 'AKMALUL HIKAM', '151111027@mhs.stiki.ac.id', NULL, 0, 0, 0),
(151111029, 'stikimalang', 'DIAN DWI SUSANTO', '151111029@mhs.stiki.ac.id', NULL, 0, 0, 0),
(151111030, 'stikimalang', 'LEZUS TRI ATMAJA', '151111030@mhs.stiki.ac.id', NULL, 0, 0, 0),
(151111031, 'stikimalang', 'ARIZKI REDITA', '151111031@mhs.stiki.ac.id', NULL, 0, 0, 0),
(151111033, 'stikimalang', 'ARBI DWI WIJAYA', '151111033@mhs.stiki.ac.id', NULL, 0, 0, 0),
(151111035, 'stikimalang', 'NIKKY RUFIANSYA', '151111035@mhs.stiki.ac.id', NULL, 0, 0, 0),
(151111036, 'stikimalang', 'FEBRIANUS JEHAMAT ABAT', '151111036@mhs.stiki.ac.id', NULL, 0, 0, 0),
(151111037, 'stikimalang', 'PUTRA BAGAS PRABOWO', '151111037@mhs.stiki.ac.id', NULL, 0, 0, 0),
(151111039, 'stikimalang', 'SYIHAB', '151111039@mhs.stiki.ac.id', NULL, 0, 0, 0),
(151111040, 'stikimalang', 'MARTINO ANDY WICAKSONO', '151111040@mhs.stiki.ac.id', NULL, 0, 0, 0),
(151111041, 'stikimalang', 'NINDA ZULISTYANINGSIH', '151111041@mhs.stiki.ac.id', NULL, 0, 0, 0),
(151111043, 'stikimalang', 'RADEN RAMA JAKALANA', '151111043@mhs.stiki.ac.id', NULL, 0, 0, 0),
(151111044, 'stikimalang', 'WIDIYA MAYANGSARI', '151111044@mhs.stiki.ac.id', NULL, 0, 0, 0),
(151111045, 'stikimalang', 'DONNY FEBRIAN HARDY', '151111045@mhs.stiki.ac.id', NULL, 0, 0, 0),
(151111046, 'stikimalang', 'SYAHDAN HIDAYAT', '151111046@mhs.stiki.ac.id', NULL, 0, 0, 0),
(151111047, 'stikimalang', 'FREDERICO', '151111047@mhs.stiki.ac.id', NULL, 0, 0, 0),
(151111048, 'stikimalang', 'IMAM BAIHAQI', '151111048@mhs.stiki.ac.id', NULL, 0, 0, 0),
(151111049, 'stikimalang', 'ACHMAD SETYO ALDI', '151111049@mhs.stiki.ac.id', NULL, 0, 0, 0),
(151111050, 'stikimalang', 'VINA DWI ELVIANI', '151111050@mhs.stiki.ac.id', NULL, 0, 0, 0),
(151111053, 'stikimalang', 'TEGUH HIDAYANTO', '151111053@mhs.stiki.ac.id', NULL, 0, 0, 0),
(151111054, 'stikimalang', 'FIRDA RIANT PERDANA PUTRA', '151111054@mhs.stiki.ac.id', NULL, 0, 0, 0),
(151111055, 'stikimalang', 'QURAISY SAKTIAWAN SUPADMO', '151111055@mhs.stiki.ac.id', NULL, 0, 0, 0),
(151111057, 'stikimalang', 'MAULIDTA YULI PRATIWI', '151111057@mhs.stiki.ac.id', NULL, 0, 0, 0),
(151111058, 'stikimalang', 'EKO TEGUH PRASETYO', '151111058@mhs.stiki.ac.id', NULL, 0, 0, 0),
(151111061, 'stikimalang', 'DANNI NUR CAHYANI', '151111061@mhs.stiki.ac.id', NULL, 0, 0, 0),
(151111063, 'stikimalang', 'UGIK HARIYANTO', '151111063@mhs.stiki.ac.id', NULL, 0, 0, 0),
(151111064, 'stikimalang', 'MOCHAMMAD AFRIZA A. F.', '151111064@mhs.stiki.ac.id', NULL, 0, 0, 0),
(151111066, 'stikimalang', 'HANDYAN IHZA RAMADHAN', '151111066@mhs.stiki.ac.id', NULL, 0, 0, 0),
(151111068, 'stikimalang', 'I MADE BISMA GARGITA', '151111068@mhs.stiki.ac.id', NULL, 0, 0, 0),
(151111070, 'stikimalang', 'MOCHAMAD SUHATTA NUR ROHMAD', '151111070@mhs.stiki.ac.id', NULL, 0, 0, 0),
(151111071, 'stikimalang', 'NIKKO EDY RAHARJA', '151111071@mhs.stiki.ac.id', NULL, 0, 0, 0),
(151111072, 'stikimalang', 'DIO NURJATI', '151111072@mhs.stiki.ac.id', NULL, 0, 0, 0),
(151111073, 'stikimalang', 'ROIYAN ZADANA ALFAUZI', '151111073@mhs.stiki.ac.id', NULL, 0, 0, 0),
(151111075, 'stikimalang', 'YOPPIE RADITYA WICAKSONO', '151111075@mhs.stiki.ac.id', NULL, 0, 0, 0),
(151111077, 'stikimalang', 'NANDO SUCHLISTIO PRAMUDA', '151111077@mhs.stiki.ac.id', NULL, 0, 0, 0),
(151111078, 'stikimalang', 'RIZAL AROSYID', '151111078@mhs.stiki.ac.id', NULL, 0, 0, 0),
(151111079, 'stikimalang', 'ADIH SURYATAMA', '151111079@mhs.stiki.ac.id', NULL, 0, 0, 0),
(151111080, 'stikimalang', 'ALFIN NOVRI FALAHIN', '151111080@mhs.stiki.ac.id', NULL, 0, 0, 0),
(151111081, 'stikimalang', 'RAFI PRATAMA ADJI', '151111081@mhs.stiki.ac.id', NULL, 0, 0, 0),
(151111082, 'stikimalang', 'STEVANUS EVO', '151111082@mhs.stiki.ac.id', NULL, 0, 0, 0),
(151111083, 'stikimalang', 'CANDRA HADI PRANATA', '151111083@mhs.stiki.ac.id', NULL, 0, 0, 0),
(151111084, 'stikimalang', 'MUKHLAS AZIZ ILHAMI', '151111084@mhs.stiki.ac.id', NULL, 0, 0, 0),
(151111085, 'stikimalang', 'FAZAR ARIZAL FAHMI', '151111085@mhs.stiki.ac.id', NULL, 0, 0, 0),
(151111086, 'stikimalang', 'LUTHFAN ERSA KAMAL', '151111086@mhs.stiki.ac.id', NULL, 0, 0, 0),
(151111087, 'stikimalang', 'FAJAR RIVALDI', '151111087@mhs.stiki.ac.id', NULL, 0, 0, 0),
(151111088, 'stikimalang', 'ROBERT SAPUTRA', '151111088@mhs.stiki.ac.id', NULL, 0, 0, 0),
(151111089, 'stikimalang', 'ARYO WIBOWO', '151111089@mhs.stiki.ac.id', NULL, 0, 0, 0),
(151111090, 'stikimalang', 'NOVIAN', '151111090@mhs.stiki.ac.id', NULL, 0, 0, 0),
(151111091, 'stikimalang', 'GUSTAV ARTHUR SEBASTIAN', '151111091@mhs.stiki.ac.id', NULL, 0, 0, 0),
(151111092, 'stikimalang', 'ADITYA RIOSANTOSO', '151111092@mhs.stiki.ac.id', NULL, 0, 0, 0),
(151111093, 'stikimalang', 'ARIF FATTHUR R SHOLEH', '151111093@mhs.stiki.ac.id', NULL, 0, 0, 0),
(151111094, 'stikimalang', 'ARIF AKBAR DWI PRASETYO', '151111094@mhs.stiki.ac.id', NULL, 0, 0, 0),
(151111095, 'stikimalang', 'RERE NURKHOLIS', '151111095@mhs.stiki.ac.id', NULL, 0, 0, 0),
(151111096, 'stikimalang', 'ARDYAN REZA PRATAMA', '151111096@mhs.stiki.ac.id', NULL, 0, 0, 0),
(151111097, 'stikimalang', 'ASHLIH QUROTA A\'YUNI', '151111097@mhs.stiki.ac.id', NULL, 0, 0, 0),
(151111098, 'stikimalang', 'WINDY', '151111098@mhs.stiki.ac.id', NULL, 0, 0, 0),
(151111099, 'stikimalang', 'RESTU ILHAM FIRMANSYAH', '151111099@mhs.stiki.ac.id', NULL, 0, 0, 0),
(151111100, 'stikimalang', 'YOSEP FREINADEMETZ VICKY ATAWUWUR', '151111100@mhs.stiki.ac.id', NULL, 0, 0, 0),
(151111104, 'stikimalang', 'MITSAQ ENIGMA AL AFGHAN', '151111104@mhs.stiki.ac.id', NULL, 0, 0, 0),
(151111106, 'stikimalang', 'ERIKSON PAULUS YOSEP', '151111106@mhs.stiki.ac.id', NULL, 0, 0, 0),
(151111107, 'stikimalang', 'MAUDI OCTAVIA CITRA', '151111107@mhs.stiki.ac.id', NULL, 0, 0, 0),
(151111108, 'stikimalang', 'JOKO SAMUDRO', '151111108@mhs.stiki.ac.id', NULL, 0, 0, 0),
(151111111, 'stikimalang', 'JIHAN AMALIA MIRZAL', '151111111@mhs.stiki.ac.id', NULL, 0, 0, 0),
(151111112, 'stikimalang', 'CATURA BAGASTRA MAHAKING RAKASIWY', '151111112@mhs.stiki.ac.id', NULL, 0, 0, 0),
(151111113, 'stikimalang', 'MUHAMMAD ALIEF HUSNAWAN', '151111113@mhs.stiki.ac.id', NULL, 0, 0, 0),
(151111114, 'stikimalang', 'MUHSHI CHAKRA DHIS\'TAR', '151111114@mhs.stiki.ac.id', NULL, 0, 0, 0),
(151111116, 'stikimalang', 'ACHMAD AULYA', '151111116@mhs.stiki.ac.id', NULL, 0, 0, 0),
(151111117, 'stikimalang', 'PRADIKA YOGA PERKASA', '151111117@mhs.stiki.ac.id', NULL, 0, 0, 0),
(151111118, 'stikimalang', 'MUH. ZUHAIRUDIN', '151111118@mhs.stiki.ac.id', NULL, 0, 0, 0),
(151111119, 'stikimalang', 'MUHAMMAD ALIM ARIEF HIDAYATULLAH', '151111119@mhs.stiki.ac.id', NULL, 0, 0, 0),
(151111120, 'stikimalang', 'FITRIANI', '151111120@mhs.stiki.ac.id', NULL, 0, 0, 0),
(151111121, 'stikimalang', 'MUHAMAD TEGAR MAHA PUTRA', '151111121@mhs.stiki.ac.id', NULL, 0, 0, 0),
(151111122, 'stikimalang', 'ABSHOR NAUFAR HAKIM', '151111122@mhs.stiki.ac.id', NULL, 0, 0, 0),
(151111123, 'stikimalang', 'JANGKUNG ARI MUKTI', '151111123@mhs.stiki.ac.id', NULL, 0, 0, 0),
(151111124, 'stikimalang', 'ODE SAMSUL BAHARI', '151111124@mhs.stiki.ac.id', NULL, 0, 0, 0),
(151111125, 'stikimalang', 'M. HAFIDH BAHRUL MAU\'IDHO', '151111125@mhs.stiki.ac.id', NULL, 0, 0, 0),
(151111126, 'stikimalang', 'WAHYU TRY IMAN SYAH', '151111126@mhs.stiki.ac.id', NULL, 0, 0, 0),
(151111136, 'stikimalang', 'RAYNALDI SUSANTO', '151111136@mhs.stiki.ac.id', NULL, 0, 0, 0),
(151111137, 'stikimalang', 'MUHAMMAD ADRIAN NAUFAL', '151111137@mhs.stiki.ac.id', NULL, 0, 0, 0),
(151116005, 'stikimalang', 'RIZKI ANDRIYANTO', '151116005@mhs.stiki.ac.id', NULL, 0, 0, 0),
(151116009, 'stikimalang', 'SYIFANDI MULYANTO', '151116009@mhs.stiki.ac.id', NULL, 0, 0, 0),
(161111001, 'stikimalang', 'ADITYA FA\'ISROFI', '161111001@mhs.stiki.ac.id', NULL, 0, 0, 0),
(161111002, 'stikimalang', 'RENALDY BILAL SETYAWAN', '161111002@mhs.stiki.ac.id', NULL, 0, 0, 0),
(161111003, 'stikimalang', 'IMAS KURNIAWAN', '161111003@mhs.stiki.ac.id', NULL, 0, 0, 0),
(161111004, 'stikimalang', 'REVIN KRISTANTO PARESSA', '161111004@mhs.stiki.ac.id', NULL, 0, 0, 0),
(161111005, 'stikimalang', 'AGEL FIRMAN DANI KURNIAWAN', '161111005@mhs.stiki.ac.id', NULL, 0, 0, 0),
(161111006, 'stikimalang', 'OPPI ANDA RESTA', '161111006@mhs.stiki.ac.id', NULL, 0, 0, 0),
(161111007, 'stikimalang', 'FERRENTINO SUTJIADI', '161111007@mhs.stiki.ac.id', NULL, 0, 0, 0),
(161111008, 'stikimalang', 'ALFIN DEKY ERLIANTO', '161111008@mhs.stiki.ac.id', NULL, 0, 0, 0),
(161111009, 'stikimalang', 'TITO ABDUL MUQAFFI', '161111009@mhs.stiki.ac.id', NULL, 0, 0, 0),
(161111010, 'stikimalang', 'DEBY NAWANG SARI', '161111010@mhs.stiki.ac.id', NULL, 0, 0, 0),
(161111011, 'stikimalang', 'PUTRANDA FIRMANSYAH DARMA GALIH', '161111011@mhs.stiki.ac.id', NULL, 0, 0, 0),
(161111012, 'stikimalang', 'MOHAMMAD ANAS RIZKI', '161111012@mhs.stiki.ac.id', NULL, 0, 0, 0),
(161111013, 'stikimalang', 'LYRAE ANGGARDA PUTRA', '161111013@mhs.stiki.ac.id', NULL, 0, 0, 0),
(161111014, 'stikimalang', 'ANDRI ARYANTO DOKE', '161111014@mhs.stiki.ac.id', NULL, 0, 0, 0),
(161111015, 'stikimalang', 'CANDIO YONATHAN BAGYO', '161111015@mhs.stiki.ac.id', NULL, 0, 0, 0),
(161111016, 'stikimalang', 'TAKWA ABDUL ROZAK', '161111016@mhs.stiki.ac.id', NULL, 0, 0, 0),
(161111017, 'stikimalang', 'HERMAWAN EKO PRASETYO', '161111017@mhs.stiki.ac.id', NULL, 0, 0, 0),
(161111018, 'stikimalang', 'ANDREW CHRISTIANTO', '161111018@mhs.stiki.ac.id', NULL, 0, 0, 0),
(161111019, 'stikimalang', 'ADITHYO MORDIKAY PRATAMA', '161111019@mhs.stiki.ac.id', NULL, 0, 0, 0),
(161111020, 'stikimalang', 'DANI KRISTIAN WARDHANA', '161111020@mhs.stiki.ac.id', NULL, 0, 0, 0),
(161111021, 'stikimalang', 'KEVIN SURYA DINATA', '161111021@mhs.stiki.ac.id', NULL, 0, 0, 0),
(161111022, 'stikimalang', 'EWILDAN AGSHAZAKAKAUMA', '161111022@mhs.stiki.ac.id', NULL, 0, 0, 0),
(161111023, 'stikimalang', 'MUCHAMAD TEGUH SAFI\'I', '161111023@mhs.stiki.ac.id', NULL, 0, 0, 0),
(161111024, 'stikimalang', 'AHSANU KARBALA GHARIZAH KHAMYAZA', '161111024@mhs.stiki.ac.id', NULL, 0, 0, 0),
(161111025, 'stikimalang', 'RAHAM SUTAN ILIYAS', '161111025@mhs.stiki.ac.id', NULL, 0, 0, 0),
(161111026, 'stikimalang', 'SISILIA LUIS FATMA DENA', '161111026@mhs.stiki.ac.id', NULL, 0, 0, 0),
(161111027, 'stikimalang', 'NADYA RIZKY AYYUB TAM', '161111027@mhs.stiki.ac.id', NULL, 0, 0, 0),
(161111028, 'stikimalang', 'MUHAMMAD RIZKI MAHMUDI', '161111028@mhs.stiki.ac.id', NULL, 0, 0, 0),
(161111029, 'stikimalang', 'NAILA RAUDLATUL FAIZAH', '161111029@mhs.stiki.ac.id', NULL, 0, 0, 0),
(161111030, 'stikimalang', 'BIMO PRAKOSO', '161111030@mhs.stiki.ac.id', NULL, 0, 0, 0),
(161111031, 'stikimalang', 'ROSANDI FILA SETIAWAN', '161111031@mhs.stiki.ac.id', NULL, 0, 0, 0),
(161111032, 'stikimalang', 'DOMINICUS RAKA ALFRYAN', '161111032@mhs.stiki.ac.id', NULL, 0, 0, 0),
(161111033, 'stikimalang', 'MUHAMMAD IRFAN FAISHOL', '161111033@mhs.stiki.ac.id', NULL, 0, 0, 0),
(161111034, 'stikimalang', 'ARUNSETO PAMBUDI', '161111034@mhs.stiki.ac.id', NULL, 0, 0, 0),
(161111035, 'stikimalang', 'ARIF WIDI ATMAJA', '161111035@mhs.stiki.ac.id', NULL, 0, 0, 0),
(161111036, 'stikimalang', 'RAHADIAN ADITYA PRAYUDA', '161111036@mhs.stiki.ac.id', NULL, 0, 0, 0),
(161111037, 'stikimalang', 'BIMA ADI WIJAYA', '161111037@mhs.stiki.ac.id', NULL, 0, 0, 0),
(161111038, 'stikimalang', 'MUHAMMAD IMAM ARSYAWALFA', '161111038@mhs.stiki.ac.id', NULL, 0, 0, 0),
(161111040, 'stikimalang', 'DEVID GIBRAN LEBU RAYA BANI TULIT', '161111040@mhs.stiki.ac.id', NULL, 0, 0, 0),
(161111042, 'stikimalang', 'ANTONIUS ALDI WINATA', '161111042@mhs.stiki.ac.id', NULL, 0, 0, 0),
(161111043, 'stikimalang', 'SITI MAISYAROH', '161111043@mhs.stiki.ac.id', NULL, 0, 0, 0),
(161111044, 'stikimalang', 'HIZKIA LUKE SUSANTO', '161111044@mhs.stiki.ac.id', NULL, 0, 0, 0),
(161111048, 'stikimalang', 'DESY PRATIWI', '161111048@mhs.stiki.ac.id', NULL, 0, 0, 0),
(161111051, 'stikimalang', 'AGNES NOLA SEKAR KINASIH', '161111051@mhs.stiki.ac.id', NULL, 0, 0, 0),
(161111052, 'stikimalang', 'MARCERINO KURNIA SANDI', '161111052@mhs.stiki.ac.id', NULL, 0, 0, 0),
(161111053, 'stikimalang', 'FAJARIN FITRIANTO LAHAY', '161111053@mhs.stiki.ac.id', NULL, 0, 0, 0),
(161111054, 'stikimalang', 'FIRDA ROSA OLIVIA MUJIARSO', '161111054@mhs.stiki.ac.id', NULL, 0, 0, 0),
(161111055, 'stikimalang', 'MUKHYIDDIN', '161111055@mhs.stiki.ac.id', NULL, 0, 0, 0),
(161111056, 'stikimalang', 'SIDIQ HADI KUNCORO', '161111056@mhs.stiki.ac.id', NULL, 0, 0, 0),
(161111057, 'stikimalang', 'ALFAZ FADLILATA', '161111057@mhs.stiki.ac.id', NULL, 0, 0, 0),
(161111060, 'stikimalang', 'ALFIAN NOOR SOFYAN', '161111060@mhs.stiki.ac.id', NULL, 0, 0, 0),
(161111061, 'stikimalang', 'ULFIA NUR RAMADANY', '161111061@mhs.stiki.ac.id', NULL, 0, 0, 0),
(161111062, 'stikimalang', 'OVALDY DWIFY RISQONI', '161111062@mhs.stiki.ac.id', NULL, 0, 0, 0),
(161111063, 'stikimalang', 'ROJA AFWAN KHOLIK', '161111063@mhs.stiki.ac.id', NULL, 0, 0, 0),
(161111064, 'stikimalang', 'YONESCYNTHIA ALDA PRATHASYA', '161111064@mhs.stiki.ac.id', NULL, 0, 0, 0),
(161111066, 'stikimalang', 'CALLISTA IVENA ANGGREANI DIAZ', '161111066@mhs.stiki.ac.id', NULL, 0, 0, 0),
(161111067, 'stikimalang', 'MUHAMAD IRFAN ZIDNI', '161111067@mhs.stiki.ac.id', NULL, 0, 0, 0),
(161111068, 'stikimalang', 'ACHMAD YUNUS', '161111068@mhs.stiki.ac.id', NULL, 0, 0, 0),
(161111069, 'stikimalang', 'DYAS IRVAN MASRURI', '161111069@mhs.stiki.ac.id', NULL, 0, 0, 0),
(161111070, 'stikimalang', 'MUHAMMAD BIMA INDRA KUSUMA', '161111070@mhs.stiki.ac.id', NULL, 0, 0, 0),
(161111071, 'stikimalang', 'VICKY FAJAR IBRAHIM', '161111071@mhs.stiki.ac.id', NULL, 0, 0, 0),
(161111073, 'stikimalang', 'MUHAMMAD AMIN RISGA', '161111073@mhs.stiki.ac.id', NULL, 0, 0, 0),
(161111074, 'stikimalang', 'ELIA SIHITE', '161111074@mhs.stiki.ac.id', NULL, 0, 0, 0),
(161111075, 'stikimalang', 'GALUH SATRIO PAMBUDI', '161111075@mhs.stiki.ac.id', NULL, 0, 0, 0),
(161111076, 'stikimalang', 'FAJAR ABIFIAN AL GHIFFARI', '161111076@mhs.stiki.ac.id', NULL, 0, 0, 0),
(161111077, 'stikimalang', 'GALIH ANGGI SATRIAWAN', '161111077@mhs.stiki.ac.id', NULL, 0, 0, 0),
(161111078, 'stikimalang', 'BIBIE HADI KUSUMA', '161111078@mhs.stiki.ac.id', NULL, 0, 0, 0),
(161111079, 'stikimalang', 'IVAN SAPUTRA BOERHAM', '161111079@mhs.stiki.ac.id', NULL, 0, 0, 0),
(161112001, 'stikimalang', 'RHESAL MAHADYANTO', '161112001@mhs.stiki.ac.id', NULL, 0, 0, 0),
(161116002, 'stikimalang', 'RISTA ANGGREA', '161116002@mhs.stiki.ac.id', NULL, 0, 0, 0),
(161116004, 'stikimalang', 'EGAR ABDI PRASETYA', '161116004@mhs.stiki.ac.id', NULL, 0, 0, 0),
(161116005, 'stikimalang', 'ASRUL SANI ARIESANDY', '161116005@mhs.stiki.ac.id', NULL, 0, 0, 0),
(161116006, 'stikimalang', 'MOHAMAD AGUNG FAISAL', '161116006@mhs.stiki.ac.id', NULL, 0, 0, 0),
(161116009, 'stikimalang', 'ADI PERMANA', '161116009@mhs.stiki.ac.id', NULL, 0, 0, 0),
(161116010, 'stikimalang', 'RAKA PARASAMYA', '161116010@mhs.stiki.ac.id', NULL, 0, 0, 0),
(161116011, 'stikimalang', 'YULIA KRISTIANI', '161116011@mhs.stiki.ac.id', NULL, 0, 0, 0),
(161116013, 'stikimalang', 'HERU RUDIANTO', '161116013@mhs.stiki.ac.id', NULL, 0, 0, 0),
(161116014, 'stikimalang', 'ANDRIAN HALOMOAN LINGGA', '161116014@mhs.stiki.ac.id', NULL, 0, 0, 0),
(161116015, 'stikimalang', 'EGANTARA SATRIA UTAMA', '161116015@mhs.stiki.ac.id', NULL, 0, 0, 0),
(161116016, 'stikimalang', 'ALEKSANDER YONGKI APLONGGI', '161116016@mhs.stiki.ac.id', NULL, 0, 0, 0),
(161116017, 'stikimalang', 'RAKA WISNU PRADANA', '161116017@mhs.stiki.ac.id', NULL, 0, 0, 0),
(161116018, 'stikimalang', 'NOVITA LADY WAHYUNI', '161116018@mhs.stiki.ac.id', NULL, 0, 0, 0),
(161116019, 'stikimalang', 'UKIT TANTO', '161116019@mhs.stiki.ac.id', NULL, 0, 0, 0),
(161116021, 'stikimalang', 'LUKMAN ARIEF CAHYONO', '161116021@mhs.stiki.ac.id', NULL, 0, 0, 0),
(161116022, 'stikimalang', 'BAGUS ISTANTO', '161116022@mhs.stiki.ac.id', NULL, 0, 0, 0),
(161116023, 'stikimalang', 'FIRMAN ADI SAPUTRO', '161116023@mhs.stiki.ac.id', NULL, 0, 0, 0),
(161116024, 'stikimalang', 'ANDRE FIRMAN SAPUTRA', '161116024@mhs.stiki.ac.id', NULL, 0, 0, 0),
(161116026, 'stikimalang', 'JATMIKO', '161116026@mhs.stiki.ac.id', NULL, 0, 0, 0),
(161116030, 'stikimalang', 'MUHAMMAD RIFALDI AKBAR', '161116030@mhs.stiki.ac.id', NULL, 0, 0, 0),
(161116033, 'stikimalang', 'AHMAD FANANI', '161116033@mhs.stiki.ac.id', NULL, 0, 0, 0),
(161116035, 'stikimalang', 'NADHIA NURIN SYARAFINA', '161116035@mhs.stiki.ac.id', NULL, 0, 0, 0),
(161116036, 'stikimalang', 'MUSTAFIDATUN NASHIHAH', '161116036@mhs.stiki.ac.id', NULL, 0, 0, 0),
(161116037, 'stikimalang', 'ANDIKA DWI CHAHYA', '161116037@mhs.stiki.ac.id', NULL, 0, 0, 0),
(161116038, 'stikimalang', 'ANISA SHIHHATIN SHOLIHAH', '161116038@mhs.stiki.ac.id', NULL, 0, 0, 0),
(161116039, 'stikimalang', 'FAISAL ALFAREZA', '161116039@mhs.stiki.ac.id', NULL, 0, 0, 0),
(161116040, 'stikimalang', 'ZULFAN HINDHARAKA ZUDHAN', '161116040@mhs.stiki.ac.id', NULL, 0, 0, 0),
(161116041, 'stikimalang', 'ANGGY YOBELIA AGITA', '161116041@mhs.stiki.ac.id', NULL, 0, 0, 0),
(161116043, 'stikimalang', 'SANDRI HABSARI WARUWU', '161116043@mhs.stiki.ac.id', NULL, 0, 0, 0),
(161117001, 'stikimalang', 'NADYA NARULITA WIYANTI', '161117001@mhs.stiki.ac.id', NULL, 0, 0, 0),
(161117002, 'stikimalang', 'I WAYAN AGUS ARDANA', '161117002@mhs.stiki.ac.id', NULL, 0, 0, 0),
(161117003, 'stikimalang', 'PUTRA DAROINI', '161117003@mhs.stiki.ac.id', NULL, 0, 0, 0),
(161117005, 'stikimalang', 'SRI RAHAYU SISWANTI', '161117005@mhs.stiki.ac.id', NULL, 0, 0, 0),
(171111001, 'stikimalang', 'THOMAS KRISTANTO WIJAYA', '171111001@mhs.stiki.ac.id', NULL, 0, 0, 0),
(171111003, 'stikimalang', 'DANIEL HADINATA ADMOJO', '171111003@mhs.stiki.ac.id', NULL, 0, 0, 0),
(171111006, 'stikimalang', 'YUDISTIRA WHENDRA ARDI NUGRAHA PUTRA', '171111006@mhs.stiki.ac.id', NULL, 0, 0, 0),
(171111008, 'stikimalang', 'TEOFILUS JODI SAPUTRA', '171111008@mhs.stiki.ac.id', NULL, 0, 0, 0),
(171111009, 'stikimalang', 'SUPIANUR', '171111009@mhs.stiki.ac.id', NULL, 0, 0, 0),
(171111010, 'stikimalang', 'STEFANUS SALEM', '171111010@mhs.stiki.ac.id', NULL, 0, 0, 0),
(171111011, 'stikimalang', 'SHANIA SARASWATI', '171111011@mhs.stiki.ac.id', NULL, 0, 0, 0),
(171111012, 'stikimalang', 'FRANSISKUS HANDIKA PUTRA', '171111012@mhs.stiki.ac.id', NULL, 0, 0, 0),
(171111014, 'stikimalang', 'M. BAGUS SETIAWAN', '171111014@mhs.stiki.ac.id', NULL, 0, 0, 0),
(171111016, 'stikimalang', 'MOHAMMAD IQBAL FAUZI', '171111016@mhs.stiki.ac.id', NULL, 0, 0, 0),
(171111017, 'stikimalang', 'MUHAMMAD ADE IKHSAN', '171111017@mhs.stiki.ac.id', NULL, 0, 0, 0),
(171111019, 'stikimalang', 'RHEZA CHANDRA KURNIAWAN', '171111019@mhs.stiki.ac.id', NULL, 0, 0, 0),
(171111020, 'stikimalang', 'ADE RAMADHANA PRATAMA', '171111020@mhs.stiki.ac.id', NULL, 0, 0, 0),
(171111021, 'stikimalang', 'FRANSISCUS ISSER WILLY REZA', '171111021@mhs.stiki.ac.id', NULL, 0, 0, 0),
(171111022, 'stikimalang', 'SUHENDRA', '171111022@mhs.stiki.ac.id', NULL, 0, 0, 0),
(171111023, 'stikimalang', 'PANJI IMAN BASKORO', '171111023@mhs.stiki.ac.id', NULL, 0, 0, 0),
(171111024, 'stikimalang', 'DANU KUNCORO AJI', '171111024@mhs.stiki.ac.id', NULL, 0, 0, 0),
(171111027, 'stikimalang', 'MOHAMMAD NUR ALI FURQON', '171111027@mhs.stiki.ac.id', NULL, 0, 0, 0),
(171111028, 'stikimalang', 'RIFDA AMMARINA KARSITA', '171111028@mhs.stiki.ac.id', NULL, 0, 0, 0),
(171111029, 'stikimalang', 'NATANIEL DAVID TEKTANTO', '171111029@mhs.stiki.ac.id', NULL, 0, 0, 0),
(171111031, 'stikimalang', 'VARELL FAUZAN WIDYATAMAKA', '171111031@mhs.stiki.ac.id', NULL, 0, 0, 0),
(171111032, 'stikimalang', 'ARIYA DJAYANTO', '171111032@mhs.stiki.ac.id', NULL, 0, 0, 0),
(171111034, 'stikimalang', 'RIZKY GALUH DEWANTARA', '171111034@mhs.stiki.ac.id', NULL, 0, 0, 0),
(171111035, 'stikimalang', 'DANA PRISMAWIJAYADI', '171111035@mhs.stiki.ac.id', NULL, 0, 0, 0),
(171111036, 'stikimalang', 'NURAMI NASRULLAH', '171111036@mhs.stiki.ac.id', NULL, 0, 0, 0),
(171111037, 'stikimalang', 'HENDRY ANGGONO', '171111037@mhs.stiki.ac.id', NULL, 0, 0, 0),
(171111038, 'stikimalang', 'ALDINO WILDHAN KURNIAWAN', '171111038@mhs.stiki.ac.id', NULL, 0, 0, 0),
(171111039, 'stikimalang', 'YOHANES BABTISTO SIKI', '171111039@mhs.stiki.ac.id', NULL, 0, 0, 0),
(171111040, 'stikimalang', 'RISKY FERYANSYAH PRIBADI', '171111040@mhs.stiki.ac.id', NULL, 0, 0, 0),
(171111041, 'stikimalang', 'ACHMAD RIYAN ADY PURWANTO', '171111041@mhs.stiki.ac.id', NULL, 0, 0, 0),
(171111042, 'stikimalang', 'TRIO KURNIAWAN', '171111042@mhs.stiki.ac.id', NULL, 0, 0, 0),
(171111043, 'stikimalang', 'I MADE RAMA PRATAMA', '171111043@mhs.stiki.ac.id', NULL, 0, 0, 0),
(171111044, 'stikimalang', 'ERIK WAHYU SAPUTRO', '171111044@mhs.stiki.ac.id', NULL, 0, 0, 0),
(171111045, 'stikimalang', 'TITO AINURRAKHMAN', '171111045@mhs.stiki.ac.id', NULL, 0, 0, 0),
(171111046, 'stikimalang', 'TEUKU RIONALDI SYAHPUTRA', '171111046@mhs.stiki.ac.id', NULL, 0, 0, 0),
(171111047, 'stikimalang', 'VICTORIA LUNA TERANG LOTUSSA', '171111047@mhs.stiki.ac.id', NULL, 0, 0, 0),
(171111048, 'stikimalang', 'SHERLY BRELINDA HARISNA NOVA', '171111048@mhs.stiki.ac.id', NULL, 0, 0, 0),
(171111049, 'stikimalang', 'DAFFA ZULKANANTA', '171111049@mhs.stiki.ac.id', NULL, 0, 0, 0),
(171111050, 'stikimalang', 'MUHAMMAD ALAM WAHYUDI', '171111050@mhs.stiki.ac.id', NULL, 0, 0, 0),
(171111051, 'stikimalang', 'M. IRFAN SYARIFUDDIN', '171111051@mhs.stiki.ac.id', NULL, 0, 0, 0),
(171111052, 'stikimalang', 'MOHAMMAD ANDY SAMPURNO', '171111052@mhs.stiki.ac.id', NULL, 0, 0, 0),
(171111053, 'stikimalang', 'ENDARTA SYAFI\'I', '171111053@mhs.stiki.ac.id', NULL, 0, 0, 0),
(171111054, 'stikimalang', 'RULLY ANGGRAENI EGA PERTIWI', '171111054@mhs.stiki.ac.id', NULL, 0, 0, 0),
(171111055, 'stikimalang', 'MOHAMMAD FAJAR', '171111055@mhs.stiki.ac.id', NULL, 0, 0, 0),
(171111056, 'stikimalang', 'HENDY RAMA DHANY', '171111056@mhs.stiki.ac.id', NULL, 0, 0, 0),
(171111057, 'stikimalang', 'RUSMADETA OKTA NUGRAHA', '171111057@mhs.stiki.ac.id', NULL, 0, 0, 0),
(171111058, 'stikimalang', 'AGUS ALFREDO', '171111058@mhs.stiki.ac.id', NULL, 0, 0, 0),
(171111059, 'stikimalang', 'PRADIPTA RAMADAN SANDRI', '171111059@mhs.stiki.ac.id', NULL, 0, 0, 0),
(171111060, 'stikimalang', 'FIERDA STEPHEN', '171111060@mhs.stiki.ac.id', NULL, 0, 0, 0),
(171111061, 'stikimalang', 'NOVERENSIA MARGARETA EVA DEO', '171111061@mhs.stiki.ac.id', NULL, 0, 0, 0),
(171111062, 'stikimalang', 'RYAN CANDRA SUGIANTO', '171111062@mhs.stiki.ac.id', NULL, 0, 0, 0),
(171111064, 'stikimalang', 'RINDA PUTRI AGUSTYANITASARI', '171111064@mhs.stiki.ac.id', NULL, 0, 0, 0),
(171111065, 'stikimalang', 'EKA NOVITA CHRISTIN', '171111065@mhs.stiki.ac.id', NULL, 0, 0, 0),
(171111066, 'stikimalang', 'EKA AGUSTINA PRATIWI', '171111066@mhs.stiki.ac.id', NULL, 0, 0, 0),
(171111067, 'stikimalang', 'ANGGORO YUDISTIRA PUTRA', '171111067@mhs.stiki.ac.id', NULL, 0, 0, 0),
(171111068, 'stikimalang', 'SUTAN ARIF PAMBUDI', '171111068@mhs.stiki.ac.id', NULL, 0, 0, 0),
(171111069, 'stikimalang', 'QORI\' HIDAYATULLOH', '171111069@mhs.stiki.ac.id', NULL, 0, 0, 0),
(171111070, 'stikimalang', 'STEFANO ZAGHALLO SANDAH', '171111070@mhs.stiki.ac.id', NULL, 0, 0, 0),
(171111071, 'stikimalang', 'STEVEN LEONARD ANGGORO', '171111071@mhs.stiki.ac.id', NULL, 0, 0, 0),
(171111073, 'stikimalang', 'VARIAN GRADIANTA SUDIRMAN PUTRA', '171111073@mhs.stiki.ac.id', NULL, 0, 0, 0),
(171111074, 'stikimalang', 'YORDAN AL YUDHA ARDHANTA PUTRA', '171111074@mhs.stiki.ac.id', NULL, 0, 0, 0),
(171111075, 'stikimalang', 'MOCH. ALFIAN FERNANDA', '171111075@mhs.stiki.ac.id', NULL, 0, 0, 0),
(171111076, 'stikimalang', 'RONALD ARRIVAL FAJAR', '171111076@mhs.stiki.ac.id', NULL, 0, 0, 0),
(171111077, 'stikimalang', 'MONICA TIFANI ZAHARA', '171111077@mhs.stiki.ac.id', NULL, 0, 0, 0),
(171111078, 'stikimalang', 'MAHSA SAVIRA BERLIANTI PUTRI', '171111078@mhs.stiki.ac.id', NULL, 0, 0, 0),
(171111079, 'stikimalang', 'MUHAMMAD REYHAN FIRNAS ADANI', '171111079@mhs.stiki.ac.id', NULL, 0, 0, 0),
(171111080, 'stikimalang', 'RANDIKA MUHAMMAD RIZKI', '171111080@mhs.stiki.ac.id', NULL, 0, 0, 0),
(171111082, 'stikimalang', 'HAFIZ JAVIER BAGAS PRASETYA', '171111082@mhs.stiki.ac.id', NULL, 0, 0, 0),
(171111083, 'stikimalang', 'AQIL KURNIANTO', '171111083@mhs.stiki.ac.id', NULL, 0, 0, 0),
(171111084, 'stikimalang', 'MOCHAMMAD LUQMAN AL ARIF', '171111084@mhs.stiki.ac.id', NULL, 0, 0, 0),
(171111085, 'stikimalang', 'WENI TRI SETYA', '171111085@mhs.stiki.ac.id', NULL, 0, 0, 0),
(171111086, 'stikimalang', 'RISKY DEWANTARA', '171111086@mhs.stiki.ac.id', NULL, 0, 0, 0),
(171111087, 'stikimalang', 'BILLY ANDREANTO SUTIKNO', '171111087@mhs.stiki.ac.id', NULL, 0, 0, 0),
(171111088, 'stikimalang', 'HERMAWAN PRASETYO', '171111088@mhs.stiki.ac.id', NULL, 0, 0, 0),
(171111090, 'stikimalang', 'FERIANSYAH PRIYATAMA ARSYID', '171111090@mhs.stiki.ac.id', NULL, 0, 0, 0),
(171111092, 'stikimalang', 'RAMA WAHYUDANI ARIFIN', '171111092@mhs.stiki.ac.id', NULL, 0, 0, 0),
(171111093, 'stikimalang', 'FIKRIANSYAH DAVA AGUSTYAR', '171111093@mhs.stiki.ac.id', NULL, 0, 0, 0),
(171111094, 'stikimalang', 'ADITYA FADJAR GRAZIA', '171111094@mhs.stiki.ac.id', NULL, 0, 0, 0),
(171111096, 'stikimalang', 'SATRIO AJI SISWANTO PUTRO', '171111096@mhs.stiki.ac.id', NULL, 0, 0, 0),
(171111098, 'stikimalang', 'CHOIRUL ANAM', '171111098@mhs.stiki.ac.id', NULL, 0, 0, 0),
(171111099, 'stikimalang', 'ACHMAT FIRMANSYAH ALIMUDIN', '171111099@mhs.stiki.ac.id', NULL, 0, 0, 0),
(171111101, 'stikimalang', 'ALFIAN AZIS', '171111101@mhs.stiki.ac.id', NULL, 0, 0, 0),
(171111102, 'stikimalang', 'MUHAMMAD HAFIDZ AGUNG MABRURY', '171111102@mhs.stiki.ac.id', NULL, 0, 0, 0),
(171111103, 'stikimalang', 'QORIE\' INSYIRA FITRIA', '171111103@mhs.stiki.ac.id', NULL, 0, 0, 0),
(171111106, 'stikimalang', 'MUHAMMAD SYAHRIDAL ARIADI', '171111106@mhs.stiki.ac.id', NULL, 0, 0, 0),
(171111109, 'stikimalang', 'NANDA BIMA MAHENDRA', '171111109@mhs.stiki.ac.id', NULL, 0, 0, 0),
(171111110, 'stikimalang', 'MELANAUMI APRIZA FAHIRA SA\'I', '171111110@mhs.stiki.ac.id', NULL, 0, 0, 0),
(171111111, 'stikimalang', 'GILANG ZAKARIA PUTRA', '171111111@mhs.stiki.ac.id', NULL, 0, 0, 0),
(171111112, 'stikimalang', 'AHMAD MASRUD MUBAROK', '171111112@mhs.stiki.ac.id', NULL, 0, 0, 0),
(171111114, 'stikimalang', 'MARSELIANUS HERDIAN SETYANUGRAHA', '171111114@mhs.stiki.ac.id', NULL, 0, 0, 0),
(171111115, 'stikimalang', 'TITANIA TARA SWASTIKA', '171111115@mhs.stiki.ac.id', NULL, 0, 0, 0),
(171111117, 'stikimalang', 'FERY EKA MAHENDRA', '171111117@mhs.stiki.ac.id', NULL, 0, 0, 0),
(171111118, 'stikimalang', 'LUQMAN AL-HAKIM', '171111118@mhs.stiki.ac.id', NULL, 0, 0, 0),
(171111120, 'stikimalang', 'ROBERT  MAHENDRA SETIAWAN', '171111120@mhs.stiki.ac.id', NULL, 0, 0, 0),
(171111121, 'stikimalang', 'M. ALDIN YULIS SETIAWAN', '171111121@mhs.stiki.ac.id', NULL, 0, 0, 0),
(171111122, 'stikimalang', 'ADI NURCAHYO', '171111122@mhs.stiki.ac.id', NULL, 0, 0, 0),
(171111123, 'stikimalang', 'GILANG PRADANA BAGAS DYARSA', '171111123@mhs.stiki.ac.id', NULL, 0, 0, 0),
(171111127, 'stikimalang', 'TAUFIK MUHAMMAD MUJIBUR RACHMAN', '171111127@mhs.stiki.ac.id', NULL, 0, 0, 0),
(171111128, 'stikimalang', 'MOHAMED ABDURAZZAG EL GHARIANI', '171111128@mhs.stiki.ac.id', NULL, 0, 0, 0),
(171116002, 'stikimalang', 'ADITYA PURWA', '171116002@mhs.stiki.ac.id', NULL, 0, 0, 0),
(171116003, 'stikimalang', 'AGUS LISTIYO BUDI', '171116003@mhs.stiki.ac.id', NULL, 0, 0, 0),
(171116004, 'stikimalang', 'AJIE BIMANTARA', '171116004@mhs.stiki.ac.id', NULL, 0, 0, 0),
(171116005, 'stikimalang', 'ALLEN FAVEL BRULIN HARIBETH', '171116005@mhs.stiki.ac.id', NULL, 0, 0, 0),
(171116006, 'stikimalang', 'AMANDA FEBRIANTI', '171116006@mhs.stiki.ac.id', NULL, 0, 0, 0),
(171116007, 'stikimalang', 'ASDIKIN', '171116007@mhs.stiki.ac.id', NULL, 0, 0, 0),
(171116009, 'stikimalang', 'DANDI FERDIANTO', '171116009@mhs.stiki.ac.id', NULL, 0, 0, 0),
(171116011, 'stikimalang', 'DIAN NURHARDIYANTI', '171116011@mhs.stiki.ac.id', NULL, 0, 0, 0),
(171116012, 'stikimalang', 'DIYA WAHYUNINGSIH', '171116012@mhs.stiki.ac.id', NULL, 0, 0, 0),
(171116013, 'stikimalang', 'DIYAH KUSNUL CHOTIMAH', '171116013@mhs.stiki.ac.id', NULL, 0, 0, 0),
(171116015, 'stikimalang', 'GISEDO MAHAPUTRA', '171116015@mhs.stiki.ac.id', NULL, 0, 0, 0),
(171116016, 'stikimalang', 'JIHAN ARIFIA RAMADHANTI', '171116016@mhs.stiki.ac.id', NULL, 0, 0, 0),
(171116017, 'stikimalang', 'MAULANA SHIDQIE CHAIROEL', '171116017@mhs.stiki.ac.id', NULL, 0, 0, 0),
(171116018, 'stikimalang', 'MUHAMMAD KHUSNUL KHULUQ', '171116018@mhs.stiki.ac.id', NULL, 0, 0, 0),
(171116024, 'stikimalang', 'ROBBY WAHYU NUGROHO', '171116024@mhs.stiki.ac.id', NULL, 0, 0, 0),
(171116026, 'stikimalang', 'SHAQUILLE AKBAR DEMSI', '171116026@mhs.stiki.ac.id', NULL, 0, 0, 0),
(171116027, 'stikimalang', 'TAUFIK SYAIFUL RIZAL', '171116027@mhs.stiki.ac.id', NULL, 0, 0, 0),
(171116028, 'stikimalang', 'TAUKHID AJI NURWIJAYADI', '171116028@mhs.stiki.ac.id', NULL, 0, 0, 0),
(171116029, 'stikimalang', 'TENDHY GUNTUR PRAKOSO', '171116029@mhs.stiki.ac.id', NULL, 0, 0, 0),
(171116030, 'stikimalang', 'VERNI CAHYANTI', '171116030@mhs.stiki.ac.id', NULL, 0, 0, 0),
(171116031, 'stikimalang', 'VICENCITIUS FIRMAN WICAKSONO', '171116031@mhs.stiki.ac.id', NULL, 0, 0, 0),
(171116032, 'stikimalang', 'WIDI AGUNG TRISWARA', '171116032@mhs.stiki.ac.id', NULL, 0, 0, 0),
(171116033, 'stikimalang', 'YULITA DWI ANGGRAENI', '171116033@mhs.stiki.ac.id', NULL, 0, 0, 0),
(171116034, 'stikimalang', 'CHRISTIAN HAPPY PRAYOGO', '171116034@mhs.stiki.ac.id', NULL, 0, 0, 0),
(171116035, 'stikimalang', 'ISKAK PURNOMO', '171116035@mhs.stiki.ac.id', NULL, 0, 0, 0),
(171116039, 'stikimalang', 'FREDA ADI WARDANA', '171116039@mhs.stiki.ac.id', NULL, 0, 0, 0),
(171116041, 'stikimalang', 'DANANG BAYU LAKSONO', '171116041@mhs.stiki.ac.id', NULL, 0, 0, 0),
(171116045, 'stikimalang', 'ACHMAD QOMARUDIN FIRDAUS', '171116045@mhs.stiki.ac.id', NULL, 0, 0, 0),
(181111001, 'stikimalang', 'SAMUEL ARDIYANTO', '181111001@mhs.stiki.ac.id', NULL, 0, 0, 0),
(181111002, 'stikimalang', 'ACHMAD BUYUNG RIYADI', '181111002@mhs.stiki.ac.id', NULL, 0, 0, 0),
(181111004, 'stikimalang', 'SYAMSUL MA\'ARIF ', '181111004@mhs.stiki.ac.id', NULL, 0, 0, 0),
(181111005, 'stikimalang', 'ASNITA LUSIANA', '181111005@mhs.stiki.ac.id', NULL, 0, 0, 0),
(181111006, 'stikimalang', 'FIDELA ASPASIA JIHANDA', '181111006@mhs.stiki.ac.id', NULL, 0, 0, 0),
(181111007, 'stikimalang', 'IKA ERCHA RAHMAWATI SUNARYA', '181111007@mhs.stiki.ac.id', NULL, 0, 0, 0),
(181111008, 'stikimalang', 'HAFID PUTRA ARIANSYAH', '181111008@mhs.stiki.ac.id', NULL, 0, 0, 0),
(181111009, 'stikimalang', 'NADIVA RAMANDANI ', '181111009@mhs.stiki.ac.id', NULL, 0, 0, 0),
(181111010, 'stikimalang', 'ARNANDO RISTANTA', '181111010@mhs.stiki.ac.id', NULL, 0, 0, 0),
(181111011, 'stikimalang', 'RIAN VIONI INDRA CHAYA', '181111011@mhs.stiki.ac.id', NULL, 0, 0, 0),
(181111012, 'stikimalang', 'SHELDY BAYU WARDANA', '181111012@mhs.stiki.ac.id', NULL, 0, 0, 0),
(181111014, 'stikimalang', 'DICKY WAHYU RAMADHAN', '181111014@mhs.stiki.ac.id', NULL, 0, 0, 0),
(181111015, 'stikimalang', 'KURNIAT  IDAMAN SUKUR TELAUMBANUA', '181111015@mhs.stiki.ac.id', NULL, 0, 0, 0),
(181111016, 'stikimalang', 'MUHAMMAD FADJRIN LISTO ABADI', '181111016@mhs.stiki.ac.id', NULL, 0, 0, 0),
(181111017, 'stikimalang', 'ERIK MISBAHHUDIN', '181111017@mhs.stiki.ac.id', NULL, 0, 0, 0),
(181111018, 'stikimalang', 'BUDI PRAYOGI', '181111018@mhs.stiki.ac.id', NULL, 0, 0, 0),
(181111019, 'stikimalang', 'MUHAMMAD ASROFUDIN HIDAYAT', '181111019@mhs.stiki.ac.id', NULL, 0, 0, 0),
(181111020, 'stikimalang', 'KEVIN YOGA PRATAMA', '181111020@mhs.stiki.ac.id', NULL, 0, 0, 0),
(181111021, 'stikimalang', 'IRFAN FERDIANTO', '181111021@mhs.stiki.ac.id', NULL, 0, 0, 0),
(181111022, 'stikimalang', 'MUHAMMAD FAISAL AKBAR', '181111022@mhs.stiki.ac.id', NULL, 0, 0, 0),
(181111023, 'stikimalang', 'EKANANDA YANWAR JULIANTO ', '181111023@mhs.stiki.ac.id', NULL, 0, 0, 0),
(181111024, 'stikimalang', 'FARREL AKBAR RAMADHAN', '181111024@mhs.stiki.ac.id', NULL, 0, 0, 0),
(181111025, 'stikimalang', 'BAKTI PARNINGOTAN MARBUN', '181111025@mhs.stiki.ac.id', NULL, 0, 0, 0),
(181111026, 'stikimalang', 'ALDIANSYAH RAYYAN MUHAMMAD RAMADHAN', '181111026@mhs.stiki.ac.id', NULL, 0, 0, 0),
(181111028, 'stikimalang', 'KELVIN ANDIKA SANTOSO', '181111028@mhs.stiki.ac.id', NULL, 0, 0, 0),
(181111029, 'stikimalang', 'ARASYI ALIMUDDIN', '181111029@mhs.stiki.ac.id', NULL, 0, 0, 0),
(181111030, 'stikimalang', 'DANA BAGUS ERIKGUSTA', '181111030@mhs.stiki.ac.id', NULL, 0, 0, 0),
(181111031, 'stikimalang', 'YUSAN ABID JANITRA', '181111031@mhs.stiki.ac.id', NULL, 0, 0, 0),
(181111032, 'stikimalang', 'NAJIAT WILDAN LUBIS', '181111032@mhs.stiki.ac.id', NULL, 0, 0, 0),
(181111033, 'stikimalang', 'JOSHUA CHRISTIAN OETOMO', '181111033@mhs.stiki.ac.id', NULL, 0, 0, 0),
(181111034, 'stikimalang', 'BRIYAN', '181111034@mhs.stiki.ac.id', NULL, 0, 0, 0),
(181111035, 'stikimalang', 'ARIFASIWI MILANDA PUTRI', '181111035@mhs.stiki.ac.id', NULL, 0, 0, 0),
(181111036, 'stikimalang', ' DIMAS DWI PRIAMBODO', '181111036@mhs.stiki.ac.id', NULL, 0, 0, 0),
(181111037, 'stikimalang', 'RADHA HANS AZIZAH', '181111037@mhs.stiki.ac.id', NULL, 0, 0, 0),
(181111039, 'stikimalang', 'BAYU SEKTI NAGO PRAKOSA', '181111039@mhs.stiki.ac.id', NULL, 0, 0, 0),
(181111040, 'stikimalang', 'ELFAN FABRIANTO', '181111040@mhs.stiki.ac.id', NULL, 0, 0, 0),
(181111042, 'stikimalang', 'MUHAMMAD TEGAR', '181111042@mhs.stiki.ac.id', NULL, 0, 0, 0),
(181111043, 'stikimalang', 'APRILDA PETER SANDORIA MAKATITA ', '181111043@mhs.stiki.ac.id', NULL, 0, 0, 0),
(181111044, 'stikimalang', 'ENDARTA PRAYOGA', '181111044@mhs.stiki.ac.id', NULL, 0, 0, 0),
(181111045, 'stikimalang', 'GELLEN SURYA DEWANTA', '181111045@mhs.stiki.ac.id', NULL, 0, 0, 0),
(181111046, 'stikimalang', 'ARINKA ARETHUSA', '181111046@mhs.stiki.ac.id', NULL, 0, 0, 0),
(181111047, 'stikimalang', 'MOHAMMAD ZARKASIH RAMADHAN', '181111047@mhs.stiki.ac.id', NULL, 0, 0, 0),
(181111048, 'stikimalang', 'MUHAMMAD LUKMAN HAKIM', '181111048@mhs.stiki.ac.id', NULL, 0, 0, 0),
(181111049, 'stikimalang', 'SHENDY HERTA PRADIKTA ARBI', '181111049@mhs.stiki.ac.id', NULL, 0, 0, 0),
(181111050, 'stikimalang', 'DEO ARMANDITO ANARDY', '181111050@mhs.stiki.ac.id', NULL, 0, 0, 0),
(181111051, 'stikimalang', 'GEWA PRATAMA', '181111051@mhs.stiki.ac.id', NULL, 0, 0, 0),
(181111052, 'stikimalang', 'RAMAGANI NURANDRA KURNIA SUBROTO', '181111052@mhs.stiki.ac.id', NULL, 0, 0, 0),
(181111053, 'stikimalang', 'RICKY MAHENDRA ADI KUSUMA', '181111053@mhs.stiki.ac.id', NULL, 0, 0, 0),
(181111054, 'stikimalang', 'FADHIL RIZHQIAWAN YUSUF', '181111054@mhs.stiki.ac.id', NULL, 0, 0, 0),
(181111055, 'stikimalang', 'KEMAS ABROR TRI WAHYUWONO', '181111055@mhs.stiki.ac.id', NULL, 0, 0, 0),
(181111056, 'stikimalang', 'RINALDI SALEH', '181111056@mhs.stiki.ac.id', NULL, 0, 0, 0),
(181111057, 'stikimalang', 'MUHAMMAD ZIDAN PERMANA', '181111057@mhs.stiki.ac.id', NULL, 0, 0, 0),
(181111058, 'stikimalang', 'ZULFI RIZKIAWAN', '181111058@mhs.stiki.ac.id', NULL, 0, 0, 0),
(181111059, 'stikimalang', 'JOHN ARMAYNDO FERDERICO', '181111059@mhs.stiki.ac.id', NULL, 0, 0, 0),
(181111060, 'stikimalang', 'ILHAM SAGITA PUTRA', '181111060@mhs.stiki.ac.id', NULL, 0, 0, 0),
(181111061, 'stikimalang', 'AKBAR DIKY YANUR RAMADHAN', '181111061@mhs.stiki.ac.id', NULL, 0, 0, 0),
(181111062, 'stikimalang', 'LENNI MELINDA', '181111062@mhs.stiki.ac.id', NULL, 0, 0, 0),
(181111063, 'stikimalang', 'ALHAM', '181111063@mhs.stiki.ac.id', NULL, 0, 0, 0),
(181111064, 'stikimalang', 'RAMADHAN ARDIGUMELAR', '181111064@mhs.stiki.ac.id', NULL, 0, 0, 0),
(181111065, 'stikimalang', 'JOSEPH JULISTIAN', '181111065@mhs.stiki.ac.id', NULL, 0, 0, 0),
(181111066, 'stikimalang', 'GLADIS PUSPA AYU', '181111066@mhs.stiki.ac.id', NULL, 0, 0, 0),
(181111067, 'stikimalang', 'ALVIN RIANANDA MUJIARSO', '181111067@mhs.stiki.ac.id', NULL, 0, 0, 0),
(181111068, 'stikimalang', 'REINHART ABRIAN', '181111068@mhs.stiki.ac.id', NULL, 0, 0, 0),
(181111069, 'stikimalang', 'RADIK AURIEL', '181111069@mhs.stiki.ac.id', NULL, 0, 0, 0),
(181111070, 'stikimalang', 'THEGAR SEPTIAWAN KHAFLI', '181111070@mhs.stiki.ac.id', NULL, 0, 0, 0),
(181111071, 'stikimalang', 'MUHAMAD DJAJA SUPARMAN', '181111071@mhs.stiki.ac.id', NULL, 0, 0, 0),
(181111073, 'stikimalang', 'EMANUEL FEBRIANKA DHIVA MAHENDRA', '181111073@mhs.stiki.ac.id', NULL, 0, 0, 0),
(181111074, 'stikimalang', 'RAGIL ARIQOH', '181111074@mhs.stiki.ac.id', NULL, 0, 0, 0),
(181111076, 'stikimalang', 'DEDY HERMAWAN', '181111076@mhs.stiki.ac.id', NULL, 0, 0, 0),
(181111077, 'stikimalang', 'JAMES GENOVERDI WERDANA', '181111077@mhs.stiki.ac.id', NULL, 0, 0, 0),
(181111078, 'stikimalang', 'BIMA REYNALDI SUMITRO', '181111078@mhs.stiki.ac.id', NULL, 0, 0, 0),
(181111079, 'stikimalang', 'ALDO WAHYU ALFARIZKI', '181111079@mhs.stiki.ac.id', NULL, 0, 0, 0),
(181111080, 'stikimalang', 'PUTRI AULIYA RAHMAH BELLADINA MAURIEFTHA', '181111080@mhs.stiki.ac.id', NULL, 0, 0, 0),
(181111081, 'stikimalang', 'HAFEDO RAKHMAD PRASETYO', '181111081@mhs.stiki.ac.id', NULL, 0, 0, 0),
(181111082, 'stikimalang', 'MOH BAHRUL ULUM', '181111082@mhs.stiki.ac.id', NULL, 0, 0, 0);
INSERT INTO `mahasiswa` (`NRP_MHS`, `PASS_MHS`, `NAMA_MHS`, `EMAIL_MHS`, `ID_DEVICE`, `STATUS_LOGIN`, `STATUS_PASS`, `LAST_LOGOUT`) VALUES
(181111083, 'stikimalang', 'NUR RAHMAN ILHAMZA', '181111083@mhs.stiki.ac.id', NULL, 0, 0, 0),
(181111084, 'stikimalang', 'SETYAWAN DWI PRADIKA', '181111084@mhs.stiki.ac.id', NULL, 0, 0, 0),
(181111085, 'stikimalang', 'SIHONO', '181111085@mhs.stiki.ac.id', NULL, 0, 0, 0),
(181111086, 'stikimalang', 'YESSA ALDY PRASETYOKO', '181111086@mhs.stiki.ac.id', NULL, 0, 0, 0),
(181111087, 'stikimalang', 'ICCO NOFAR HANSYAH', '181111087@mhs.stiki.ac.id', NULL, 0, 0, 0),
(181111088, 'stikimalang', 'PANDU WILANTARA', '181111088@mhs.stiki.ac.id', NULL, 0, 0, 0),
(181111089, 'stikimalang', 'NURAINI NABILLAH DHIAULHAQ', '181111089@mhs.stiki.ac.id', NULL, 0, 0, 0),
(181111090, 'stikimalang', 'RIZKY ABDILLAH', '181111090@mhs.stiki.ac.id', NULL, 0, 0, 0),
(181111091, 'stikimalang', 'FAHMI RAMADHANI', '181111091@mhs.stiki.ac.id', NULL, 0, 0, 0),
(181111092, 'stikimalang', 'MUHAMMAD RIDWAN ILYASA', '181111092@mhs.stiki.ac.id', NULL, 0, 0, 0),
(181111093, 'stikimalang', 'RAMADHAN PUTRA PRASETIAWAN', '181111093@mhs.stiki.ac.id', NULL, 0, 0, 0),
(181111094, 'stikimalang', 'PRIAMBODO BUDI SANTOSO', '181111094@mhs.stiki.ac.id', NULL, 0, 0, 0),
(181111096, 'stikimalang', 'WAHYU ANDIKA PRATAMA', '181111096@mhs.stiki.ac.id', NULL, 0, 0, 0),
(181111097, 'stikimalang', 'EL REGINALD CAESARO SAN', '181111097@mhs.stiki.ac.id', NULL, 0, 0, 0),
(181111099, 'stikimalang', 'SITI FATIMAH', '181111099@mhs.stiki.ac.id', NULL, 0, 0, 0),
(181111100, 'stikimalang', 'RACHMAD ASH SHIDIQY', '181111100@mhs.stiki.ac.id', NULL, 0, 0, 0),
(181111101, 'stikimalang', 'FIKRI ARDIAN MAULANA', '181111101@mhs.stiki.ac.id', NULL, 0, 0, 0),
(181111102, 'stikimalang', 'RAFAEL GANDA KUSUMA', '181111102@mhs.stiki.ac.id', NULL, 0, 0, 0),
(181111103, 'stikimalang', 'RAMADHAN GIRI MUKTI', '181111103@mhs.stiki.ac.id', NULL, 0, 0, 0),
(181111104, 'stikimalang', 'DODIK ALFAYAD', '181111104@mhs.stiki.ac.id', NULL, 0, 0, 0),
(181111106, 'stikimalang', 'ENDI WAHYU NUGROHO', '181111106@mhs.stiki.ac.id', NULL, 0, 0, 0),
(181111107, 'stikimalang', 'MUHAMMAD AL KAUSAR', '181111107@mhs.stiki.ac.id', NULL, 0, 0, 0),
(181111108, 'stikimalang', 'ADRIANSYAH DWI PANGESTU PUTRA', '181111108@mhs.stiki.ac.id', NULL, 0, 0, 0),
(181111109, 'stikimalang', 'SINGGIH EDHO NUGROHO', '181111109@mhs.stiki.ac.id', NULL, 0, 0, 0),
(181112001, 'stikimalang', 'DENI APRIANTO', '181112001@mhs.stiki.ac.id', NULL, 0, 0, 0),
(181116001, 'stikimalang', 'MARISKA SERLY DIANTI', '181116001@mhs.stiki.ac.id', NULL, 0, 0, 0),
(181116002, 'stikimalang', 'ERLINA NOVITA PUTRI', '181116002@mhs.stiki.ac.id', NULL, 0, 0, 0),
(181116003, 'stikimalang', 'SHAFIRA PRAMATANA RACHMADANTI', '181116003@mhs.stiki.ac.id', NULL, 0, 0, 0),
(181116005, 'stikimalang', 'THARIQ WACHID ISMAIL', '181116005@mhs.stiki.ac.id', NULL, 0, 0, 0),
(181116007, 'stikimalang', 'SAIFUL ARIFIN', '181116007@mhs.stiki.ac.id', NULL, 0, 0, 0),
(181116008, 'stikimalang', 'MUHAMMAD WILDAN', '181116008@mhs.stiki.ac.id', NULL, 0, 0, 0),
(181116009, 'stikimalang', 'WAHYU SWARGANA', '181116009@mhs.stiki.ac.id', NULL, 0, 0, 0),
(181116010, 'stikimalang', 'NADIYAH DWI RANI', '181116010@mhs.stiki.ac.id', NULL, 0, 0, 0),
(181116011, 'stikimalang', 'YOKANAN CATUR P', '181116011@mhs.stiki.ac.id', NULL, 0, 0, 0),
(181116012, 'stikimalang', 'PRIMA LISTIANTI', '181116012@mhs.stiki.ac.id', NULL, 0, 0, 0),
(181116013, 'stikimalang', 'AYU SETYA NINGTYAS', '181116013@mhs.stiki.ac.id', NULL, 0, 0, 0),
(181116014, 'stikimalang', 'AVILIA NUR ISTIQOMAH', '181116014@mhs.stiki.ac.id', NULL, 0, 0, 0),
(181116015, 'stikimalang', 'YOHANA ADELA IMELGA PUSPITA', '181116015@mhs.stiki.ac.id', NULL, 0, 0, 0),
(181116017, 'stikimalang', 'TITANIA PUTRI KUMALA DEWI', '181116017@mhs.stiki.ac.id', NULL, 0, 0, 0),
(181116018, 'stikimalang', 'ADI PRASETYO', '181116018@mhs.stiki.ac.id', NULL, 0, 0, 0),
(181116019, 'stikimalang', 'MUHAMMAD RINTOHADI PRAWIRO', '181116019@mhs.stiki.ac.id', NULL, 0, 0, 0),
(181116020, 'stikimalang', 'RIZKY ADITAMA', '181116020@mhs.stiki.ac.id', NULL, 0, 0, 0),
(181116021, 'stikimalang', 'MUHAMMAD HAFIZHUDDIN', '181116021@mhs.stiki.ac.id', NULL, 0, 0, 0),
(181116022, 'stikimalang', 'MUHAMMAD ILHAM RIZKYOKO', '181116022@mhs.stiki.ac.id', NULL, 0, 0, 0),
(181116026, 'stikimalang', 'WELLY KUSWANTO', '181116026@mhs.stiki.ac.id', NULL, 0, 0, 0),
(181116033, 'stikimalang', 'MUHAMMAD TAUFIQ FIRMANSAH', '181116033@mhs.stiki.ac.id', NULL, 0, 0, 0),
(181116034, 'stikimalang', 'MOHAMMAD FAHMI', '181116034@mhs.stiki.ac.id', NULL, 0, 0, 0),
(181116037, 'stikimalang', 'BAGUS ADITAMA PRAMANA PUTRA', '181116037@mhs.stiki.ac.id', NULL, 0, 0, 0),
(181116038, 'stikimalang', 'IRAWAN INDIARTO', '181116038@mhs.stiki.ac.id', NULL, 0, 0, 0),
(181116039, 'stikimalang', 'FAKHRUDDIN IVAN SETYOPRADANA', '181116039@mhs.stiki.ac.id', NULL, 0, 0, 0),
(181116041, 'stikimalang', 'SUGENG HASAN ISMAIL', '181116041@mhs.stiki.ac.id', NULL, 0, 0, 0),
(181116042, 'stikimalang', 'INDRA DWI PRASETYO', '181116042@mhs.stiki.ac.id', NULL, 0, 0, 0),
(181116043, 'stikimalang', 'RAGIL HERDIAN', '181116043@mhs.stiki.ac.id', NULL, 0, 0, 0),
(181116045, 'stikimalang', 'SABRINA ASHIEL HERNANDA PUTRI', '181116045@mhs.stiki.ac.id', NULL, 0, 0, 0),
(181116046, 'stikimalang', 'MIFTAKHUL ISLAMY FATAHILLAH', '181116046@mhs.stiki.ac.id', NULL, 0, 0, 0),
(181116047, 'stikimalang', 'ELKA ANFAZA REFDIANZA', '181116047@mhs.stiki.ac.id', NULL, 0, 0, 0),
(181116048, 'stikimalang', 'FENDY YUSRIN ALFIQRI', '181116048@mhs.stiki.ac.id', NULL, 0, 0, 0),
(181116049, 'stikimalang', 'ULFI SYAIFATUL KUMALASARI', '181116049@mhs.stiki.ac.id', NULL, 0, 0, 0),
(181116050, 'stikimalang', 'SURYA ADI SETYAWAN', '181116050@mhs.stiki.ac.id', NULL, 0, 0, 0),
(181116051, 'stikimalang', 'BAGUS MUHAIMINUL AZIZ', '181116051@mhs.stiki.ac.id', NULL, 0, 0, 0),
(181116052, 'stikimalang', 'FERRY FERNANDO', '181116052@mhs.stiki.ac.id', NULL, 0, 0, 0),
(181116055, 'stikimalang', 'ALWA MAULANA SYAFANI', '181116055@mhs.stiki.ac.id', NULL, 0, 0, 0),
(181116056, 'stikimalang', 'MOHAMAD RIZKY REYNALDY', '181116056@mhs.stiki.ac.id', NULL, 0, 0, 0),
(181116058, 'stikimalang', 'MOCHAMMAD SYAHRIL NUR FAUZI', '181116058@mhs.stiki.ac.id', NULL, 0, 0, 0),
(181116059, 'stikimalang', 'SANDY PRASETYO', '181116059@mhs.stiki.ac.id', NULL, 0, 0, 0),
(181116060, 'stikimalang', 'MOHAMMAD RAFLI FIRMANSYAH', '181116060@mhs.stiki.ac.id', NULL, 0, 0, 0),
(181116062, 'stikimalang', 'MARCHO ARI PRAYOGO', '181116062@mhs.stiki.ac.id', NULL, 0, 0, 0),
(181116063, 'stikimalang', 'NUR MUHAMMAD KHILYATUL AKBAR', '181116063@mhs.stiki.ac.id', NULL, 0, 0, 0),
(181116064, 'stikimalang', 'MIFTAHUL ROHMAH', '181116064@mhs.stiki.ac.id', NULL, 0, 0, 0),
(181116068, 'stikimalang', 'AGUNG SETIAWAN', '181116068@mhs.stiki.ac.id', NULL, 0, 0, 0),
(181116069, 'stikimalang', 'MIFTAHUL', '181116069@mhs.stiki.ac.id', NULL, 0, 0, 0),
(181116070, 'stikimalang', 'PUTRA WAHYU KURNIAWAN', '181116070@mhs.stiki.ac.id', NULL, 0, 0, 0),
(181117001, 'stikimalang', 'YURI DHIKA FIRDAUS HAMSHI', '181117001@mhs.stiki.ac.id', NULL, 0, 0, 0),
(181117002, 'stikimalang', 'ZULFIKRAM BAYU SAPUTRA', '181117002@mhs.stiki.ac.id', NULL, 0, 0, 0),
(181117003, 'stikimalang', 'KUKUH MAHENDRA ZAKARIA', '181117003@mhs.stiki.ac.id', NULL, 0, 0, 0);

-- --------------------------------------------------------

--
-- Table structure for table `matkul`
--

CREATE TABLE `matkul` (
  `ID_MATKUL` int(11) NOT NULL,
  `NIP_DOSEN` int(11) DEFAULT NULL,
  `KODE_MATKUL` varchar(10) DEFAULT NULL,
  `NAMA_MATKUL` varchar(50) DEFAULT NULL,
  `KELAS_MATKUL` varchar(2) DEFAULT NULL
) ENGINE=InnoDB DEFAULT CHARSET=latin1 ROW_FORMAT=COMPACT;

--
-- Dumping data for table `matkul`
--

INSERT INTO `matkul` (`ID_MATKUL`, `NIP_DOSEN`, `KODE_MATKUL`, `NAMA_MATKUL`, `KELAS_MATKUL`) VALUES
(1, 40016, 'TI09KB66', 'DESAIN WEB', 'A'),
(2, 40006, 'TI14BB11', 'KECAKAPAN INTERPERSONAL', 'A'),
(3, 40006, 'TI14BB11', 'KECAKAPAN INTERPERSONAL', 'B'),
(4, 40006, 'TI14BB11', 'KECAKAPAN INTERPERSONAL', 'C'),
(5, 40077, 'TI14BB11', 'KECAKAPAN INTERPERSONAL', 'P1'),
(6, 40077, 'TI14BB11', 'KECAKAPAN INTERPERSONAL', 'P2'),
(7, 10130, 'TI14BB41', 'KEWIRAUSAHAAN I', 'A'),
(8, 10130, 'TI14BB41', 'KEWIRAUSAHAAN I', 'B'),
(9, 10130, 'TI14BB51', 'KEWIRAUSAHAAN II', 'A'),
(10, 10067, 'TI14BB51', 'KEWIRAUSAHAAN II', 'B'),
(11, 10130, 'TI14BB51', 'KEWIRAUSAHAAN II', 'C'),
(12, 10130, 'TI14BB51', 'KEWIRAUSAHAAN II', 'P'),
(13, 10154, 'TI14KB31', 'SISTEM OPERASI', 'A'),
(14, 10154, 'TI14KB31', 'SISTEM OPERASI', 'B'),
(15, 10154, 'TI14KB31', 'SISTEM OPERASI', 'C'),
(16, 10154, 'TI14KB31', 'SISTEM OPERASI', 'P'),
(17, 10154, 'TI14KB32', 'PRAKTIKUM SISTEM OPERASI', 'A'),
(18, 10154, 'TI14KB32', 'PRAKTIKUM SISTEM OPERASI', 'B'),
(19, 10154, 'TI14KB32', 'PRAKTIKUM SISTEM OPERASI', 'C'),
(20, 10154, 'TI14KB32', 'PRAKTIKUM SISTEM OPERASI', 'D'),
(21, 10154, 'TI14KB32', 'PRAKTIKUM SISTEM OPERASI', 'E'),
(22, 40016, 'TI14KB32', 'PRAKTIKUM SISTEM OPERASI', 'P1'),
(23, 40016, 'TI14KB32', 'PRAKTIKUM SISTEM OPERASI', 'P2'),
(24, 10152, 'TI14KB33', 'PEMROGRAMAN DASAR II', 'A'),
(25, 10091, 'TI14KB33', 'PEMROGRAMAN DASAR II', 'B'),
(26, 10091, 'TI14KB33', 'PEMROGRAMAN DASAR II', 'C'),
(27, 10152, 'TI14KB33', 'PEMROGRAMAN DASAR II', 'D'),
(28, 10152, 'TI14KB33', 'PEMROGRAMAN DASAR II', 'E'),
(29, 10152, 'TI14KB33', 'PEMROGRAMAN DASAR II', 'P1'),
(30, 40065, 'TI14KB33', 'PEMROGRAMAN DASAR II', 'P2'),
(31, 40065, 'TI14KB34', 'PRAKTIKUM PEMROGRAMAN DASAR II', 'A'),
(32, 40065, 'TI14KB34', 'PRAKTIKUM PEMROGRAMAN DASAR II', 'B'),
(33, 40065, 'TI14KB34', 'PRAKTIKUM PEMROGRAMAN DASAR II', 'C'),
(34, 40065, 'TI14KB34', 'PRAKTIKUM PEMROGRAMAN DASAR II', 'D'),
(35, 40065, 'TI14KB34', 'PRAKTIKUM PEMROGRAMAN DASAR II', 'E'),
(36, 40016, 'TI14KB34', 'PRAKTIKUM PEMROGRAMAN DASAR II', 'P1'),
(37, 40016, 'TI14KB34', 'PRAKTIKUM PEMROGRAMAN DASAR II', 'P2'),
(38, 10106, 'TI14KB35', 'ANALISA DAN PERANCANGAN SISTEM INFORMASI', 'A'),
(39, 10001, 'TI14KB35', 'ANALISA DAN PERANCANGAN SISTEM INFORMASI', 'B'),
(40, 10001, 'TI14KB35', 'ANALISA DAN PERANCANGAN SISTEM INFORMASI', 'C'),
(41, 10034, 'TI14KB35', 'ANALISA DAN PERANCANGAN SISTEM INFORMASI', 'P1'),
(42, 10034, 'TI14KB35', 'ANALISA DAN PERANCANGAN SISTEM INFORMASI', 'P2'),
(43, 10077, 'TI14KB41', 'PEMROGRAMAN BERORIENTASI OBJEK', 'A'),
(44, 10174, 'TI14KB42', 'INTERAKSI MANUSIA DAN KOMPUTER', 'A'),
(45, 10077, 'TI14KB51', 'PEMROGRAMAN PERANGKAT BERGERAK', 'A'),
(46, 10077, 'TI14KB51', 'PEMROGRAMAN PERANGKAT BERGERAK', 'B'),
(47, 10077, 'TI14KB51', 'PEMROGRAMAN PERANGKAT BERGERAK', 'C'),
(48, 40065, 'TI14KB51', 'PEMROGRAMAN PERANGKAT BERGERAK', 'D'),
(49, 10077, 'TI14KB51', 'PEMROGRAMAN PERANGKAT BERGERAK', 'E'),
(50, 10077, 'TI14KB51', 'PEMROGRAMAN PERANGKAT BERGERAK', 'P'),
(51, 10038, 'TI14KB52', 'SISTEM TERDISTRIBUSI', 'A'),
(52, 10038, 'TI14KB52', 'SISTEM TERDISTRIBUSI', 'B'),
(53, 10038, 'TI14KB52', 'SISTEM TERDISTRIBUSI', 'P'),
(54, 10154, 'TI14KB53', 'PEMROGRAMAN WEB LANJUT', 'A'),
(55, 10040, 'TI14KB53', 'PEMROGRAMAN WEB LANJUT', 'B'),
(56, 10174, 'TI14KB53', 'PEMROGRAMAN WEB LANJUT', 'C'),
(57, 10174, 'TI14KB53', 'PEMROGRAMAN WEB LANJUT', 'D'),
(58, 10040, 'TI14KB53', 'PEMROGRAMAN WEB LANJUT', 'P'),
(59, 10063, 'TI14KB61', 'PENGOLAHAN CITRA DIGITAL', 'A'),
(60, 10063, 'TI14KB61', 'PENGOLAHAN CITRA DIGITAL', 'B'),
(61, 10179, 'TI14KB65', 'KOMPUTASI AWAN', 'A'),
(62, 10163, 'TI14KB65', 'KOMPUTASI AWAN', 'B'),
(63, 10081, 'TI14KB71', 'ANIMASI 3D', 'A'),
(64, 40016, 'TI14KK12', 'ALGORITMA DAN STRUKTUR DATA I', 'A1'),
(65, 40016, 'TI14KK12', 'ALGORITMA DAN STRUKTUR DATA I', 'A2'),
(66, 10163, 'TI14KK12', 'ALGORITMA DAN STRUKTUR DATA I', 'B1'),
(67, 10163, 'TI14KK12', 'ALGORITMA DAN STRUKTUR DATA I', 'B2'),
(68, 10041, 'TI14KK12', 'ALGORITMA DAN STRUKTUR DATA I', 'C1'),
(69, 10180, 'TI14KK12', 'ALGORITMA DAN STRUKTUR DATA I', 'C2'),
(70, 10163, 'TI14KK12', 'ALGORITMA DAN STRUKTUR DATA I', 'P1'),
(71, 40016, 'TI14KK12', 'ALGORITMA DAN STRUKTUR DATA I', 'P2'),
(72, 10128, 'TI14KK13', 'ALJABAR LINIER DAN MATRIKS', 'A'),
(73, 10004, 'TI14KK13', 'ALJABAR LINIER DAN MATRIKS', 'B'),
(74, 10004, 'TI14KK13', 'ALJABAR LINIER DAN MATRIKS', 'C'),
(75, 10130, 'TI14KK13', 'ALJABAR LINIER DAN MATRIKS', 'P1'),
(76, 40078, 'TI14KK13', 'ALJABAR LINIER DAN MATRIKS', 'P2'),
(77, 10175, 'TI14KK14', 'PENGANTAR TEKNOLOGI INFORMASI', 'A'),
(78, 10175, 'TI14KK14', 'PENGANTAR TEKNOLOGI INFORMASI', 'B'),
(79, 10001, 'TI14KK14', 'PENGANTAR TEKNOLOGI INFORMASI', 'C'),
(80, 40016, 'TI14KK14', 'PENGANTAR TEKNOLOGI INFORMASI', 'D'),
(81, 10067, 'TI14KK14', 'PENGANTAR TEKNOLOGI INFORMASI', 'P1'),
(82, 10067, 'TI14KK14', 'PENGANTAR TEKNOLOGI INFORMASI', 'P2'),
(83, 10128, 'TI14KK22', 'MATEMATIKA DISKRIT', 'A'),
(84, 10128, 'TI14KK22', 'MATEMATIKA DISKRIT', 'B'),
(85, 40078, 'TI14KK22', 'MATEMATIKA DISKRIT', 'C'),
(86, 10128, 'TI14KK22', 'MATEMATIKA DISKRIT', 'P1'),
(87, 10128, 'TI14KK22', 'MATEMATIKA DISKRIT', 'P2'),
(88, 10152, 'TI14KK31', 'ALGORITMA DAN STRUKTUR DATA II', 'A'),
(89, 10096, 'TI14KK31', 'ALGORITMA DAN STRUKTUR DATA II', 'B'),
(90, 10180, 'TI14KK31', 'ALGORITMA DAN STRUKTUR DATA II', 'C'),
(91, 10096, 'TI14KK31', 'ALGORITMA DAN STRUKTUR DATA II', 'D'),
(92, 10096, 'TI14KK31', 'ALGORITMA DAN STRUKTUR DATA II', 'P1'),
(93, 40016, 'TI14KK31', 'ALGORITMA DAN STRUKTUR DATA II', 'P2'),
(94, 10063, 'TI14KK32', 'LOGIKA INFORMATIKA', 'A'),
(95, 10063, 'TI14KK32', 'LOGIKA INFORMATIKA', 'B'),
(96, 10128, 'TI14KK32', 'LOGIKA INFORMATIKA', 'C'),
(97, 10057, 'TI14KK32', 'LOGIKA INFORMATIKA', 'D'),
(98, 10063, 'TI14KK32', 'LOGIKA INFORMATIKA', 'E'),
(99, 10063, 'TI14KK32', 'LOGIKA INFORMATIKA', 'P1'),
(100, 10063, 'TI14KK32', 'LOGIKA INFORMATIKA', 'P2'),
(101, 10163, 'TI14KK33', 'BASIS DATA LANJUT', 'A'),
(102, 10045, 'TI14KK33', 'BASIS DATA LANJUT', 'B'),
(103, 10045, 'TI14KK33', 'BASIS DATA LANJUT', 'C'),
(104, 10045, 'TI14KK33', 'BASIS DATA LANJUT', 'D'),
(105, 10045, 'TI14KK33', 'BASIS DATA LANJUT', 'P'),
(106, 10063, 'TI14KK41', 'ARTIFICIAL INTELLIGENCE', 'A'),
(107, 10041, 'TI14KK51', 'BAHASA INDONESIA', 'A'),
(108, 10050, 'TI14KK51', 'BAHASA INDONESIA', 'B'),
(109, 10041, 'TI14KK51', 'BAHASA INDONESIA', 'P'),
(110, 40078, 'TI14KK52', 'METODE NUMERIK', 'A'),
(111, 10057, 'TI14KK52', 'METODE NUMERIK', 'B'),
(112, 40078, 'TI14KK52', 'METODE NUMERIK', 'P'),
(113, 10052, 'TI14KK53', 'KEAMANAN INFORMASI', 'A'),
(114, 10052, 'TI14KK53', 'KEAMANAN INFORMASI', 'B'),
(115, 10052, 'TI14KK53', 'KEAMANAN INFORMASI', 'C'),
(116, 10052, 'TI14KK53', 'KEAMANAN INFORMASI', 'P'),
(117, 10175, 'TI14KK56', 'SISTEM PENUNJANG KEPUTUSAN', 'A'),
(118, 10091, 'TI14KK62', 'INFORMATION RETRIEVAL', 'A'),
(119, 10091, 'TI14KK62', 'INFORMATION RETRIEVAL', 'B'),
(120, 10052, 'TI14KK73', 'EMBEDDED PROGRAMING', 'A'),
(121, 40016, 'TI14PB61', 'PRAKTEK KERJA LAPANGAN', 'A'),
(122, 40016, 'TI14PB61', 'PRAKTEK KERJA LAPANGAN', 'P'),
(123, 40016, 'TI14PB71', 'TUGAS KHUSUS', 'A'),
(124, 40016, 'TI14PB72', 'TUGAS KHUSUS', 'B'),
(125, 40016, 'TI14PB72', 'TUGAS KHUSUS', 'P'),
(126, 40016, 'TI14PB81', 'TUGAS AKHIR', 'A'),
(127, 40016, 'TI14PB81', 'TUGAS AKHIR', 'P'),
(128, 10078, 'TI14PK11', 'BAHASA INGGRIS I', 'A1'),
(129, 10078, 'TI14PK11', 'BAHASA INGGRIS I', 'A2'),
(130, 10078, 'TI14PK11', 'BAHASA INGGRIS I', 'B1'),
(131, 10078, 'TI14PK11', 'BAHASA INGGRIS I', 'B2'),
(132, 40093, 'TI14PK11', 'BAHASA INGGRIS I', 'C1'),
(133, 40093, 'TI14PK11', 'BAHASA INGGRIS I', 'C2'),
(134, 10078, 'TI14PK11', 'BAHASA INGGRIS I', 'P1'),
(135, 10078, 'TI14PK11', 'BAHASA INGGRIS I', 'P2'),
(136, 10178, 'TI14PK71', 'AGAMA ISLAM', 'A'),
(137, 10135, 'TI14PK71', 'AGAMA ISLAM', 'B'),
(138, 10135, 'TI14PK71', 'AGAMA ISLAM', 'P'),
(139, 40021, 'TI14PK72', 'AGAMA KRISTEN', 'A'),
(140, 40019, 'TI14PK81', 'PANCASILA DAN KEWARGANEGARAAN', 'A'),
(141, 10091, 'TI19PK61', 'BAHASA JEPANG', 'A');

--
-- Indexes for dumped tables
--

--
-- Indexes for table `absen`
--
ALTER TABLE `absen`
  ADD PRIMARY KEY (`ID_ABSEN`) USING BTREE;

--
-- Indexes for table `ambilmk`
--
ALTER TABLE `ambilmk`
  ADD PRIMARY KEY (`ID_AMBILMK`) USING BTREE,
  ADD KEY `FK_RELATIONSHIP_3` (`NRP_MHS`) USING BTREE,
  ADD KEY `fk_foreign_key_idmk` (`ID_MATKUL`);

--
-- Indexes for table `detail_absen`
--
ALTER TABLE `detail_absen`
  ADD PRIMARY KEY (`ID_DETABSEN`) USING BTREE;

--
-- Indexes for table `dosen`
--
ALTER TABLE `dosen`
  ADD PRIMARY KEY (`NIP_DOSEN`) USING BTREE;

--
-- Indexes for table `mahasiswa`
--
ALTER TABLE `mahasiswa`
  ADD PRIMARY KEY (`NRP_MHS`) USING BTREE;

--
-- Indexes for table `matkul`
--
ALTER TABLE `matkul`
  ADD PRIMARY KEY (`ID_MATKUL`) USING BTREE;

--
-- AUTO_INCREMENT for dumped tables
--

--
-- AUTO_INCREMENT for table `ambilmk`
--
ALTER TABLE `ambilmk`
  MODIFY `ID_AMBILMK` int(11) NOT NULL AUTO_INCREMENT, AUTO_INCREMENT=3401;

--
-- AUTO_INCREMENT for table `detail_absen`
--
ALTER TABLE `detail_absen`
  MODIFY `ID_DETABSEN` int(11) NOT NULL AUTO_INCREMENT, AUTO_INCREMENT=258;

--
-- AUTO_INCREMENT for table `matkul`
--
ALTER TABLE `matkul`
  MODIFY `ID_MATKUL` int(11) NOT NULL AUTO_INCREMENT, AUTO_INCREMENT=142;

--
-- Constraints for dumped tables
--

--
-- Constraints for table `ambilmk`
--
ALTER TABLE `ambilmk`
  ADD CONSTRAINT `FK_RELATIONSHIP_3` FOREIGN KEY (`NRP_MHS`) REFERENCES `mahasiswa` (`NRP_MHS`),
  ADD CONSTRAINT `fk_foreign_key_idmk` FOREIGN KEY (`ID_MATKUL`) REFERENCES `matkul` (`ID_MATKUL`);
COMMIT;

/*!40101 SET CHARACTER_SET_CLIENT=@OLD_CHARACTER_SET_CLIENT */;
/*!40101 SET CHARACTER_SET_RESULTS=@OLD_CHARACTER_SET_RESULTS */;
/*!40101 SET COLLATION_CONNECTION=@OLD_COLLATION_CONNECTION */;
